,city_st,lat,lng,population,lat_prompt,lng_prompt,distance_km
0,"New York, NY",40.6943,-73.9249,18713220,40.7128,-74.006,7.139211674477031
1,"Los Angeles, CA",34.1139,-118.4068,12750807,34.0522,-118.2437,16.513283016706463
2,"Chicago, IL",41.8373,-87.6862,8604203,41.8781,-87.6298,6.511528757620667
3,"Miami, FL",25.7839,-80.2102,6445545,25.7617,-80.1918,3.0803078034505615
4,"Dallas, TX",32.7936,-96.7662,5743938,32.7767,-96.797,3.4382391232356033
5,"Philadelphia, PA",40.0077,-75.1339,5649300,39.9526,-75.1652,6.682111790334025
6,"Houston, TX",29.7863,-95.3889,5464251,29.7604,-95.3698,3.4194282181841293
7,"Atlanta, GA",33.7627,-84.4224,5449398,33.749,-84.388,3.5262723187449274
8,"Washington, DC",38.9047,-77.0163,5379184,38.9072,-77.0369,1.804052684067645
9,"Boston, MA",42.3188,-71.0846,4688346,42.3601,-71.0589,5.054859435766188
10,"Phoenix, AZ",33.5722,-112.0891,4219697,33.4484,-112.074,13.83693530478248
11,"Seattle, WA",47.6211,-122.3244,3789215,47.6062,-122.3321,1.7544647224902674
12,"San Francisco, CA",37.7562,-122.443,3592294,37.7749,-122.4194,2.9372081661376703
13,"Detroit, MI",42.3834,-83.1024,3506126,42.3314,-83.0458,7.420397363965362
14,"San Diego, CA",32.8312,-117.1225,3220118,32.7157,-117.1611,13.34043139419229
15,"Minneapolis, MN",44.9635,-93.2678,2977172,44.9778,-93.265,1.605271272633496
16,"Tampa, FL",27.9942,-82.4451,2908063,27.9506,-82.4572,4.991598538080971
17,"Denver, CO",39.7621,-104.8759,2876625,39.7392,-104.9903,10.106165248521677
18,"Brooklyn, NY",40.6501,-73.9496,2559903,40.6782,-73.9442,3.1575996962323476
19,"Queens, NY",40.7498,-73.7976,2230722,40.7282,-73.7949,2.4125587584017323
20,"Riverside, CA",33.9381,-117.3948,2107852,33.9806,-117.3755,5.049900834955503
21,"Baltimore, MD",39.3051,-76.6144,2106068,39.2904,-76.6122,1.645491502806626
22,"Las Vegas, NV",36.2333,-115.2654,2104198,36.1699,-115.1398,13.293172273856822
23,"Portland, OR",45.5372,-122.65,2074775,45.5051,-122.675,4.066186400110672
24,"San Antonio, TX",29.4658,-98.5253,2049293,29.4241,-98.4936,5.560791859395861
25,"St. Louis, MO",38.6358,-90.2451,2024074,38.627,-90.1994,4.088466165062406
26,"Sacramento, CA",38.5667,-121.4683,1898019,38.5816,-121.4944,2.8094607690064737
27,"Orlando, FL",28.4772,-81.3369,1822394,28.5383,-81.3792,7.9525056249532335
28,"San Jose, CA",37.3019,-121.8486,1798103,37.3382,-121.8863,5.235110381867291
29,"Cleveland, OH",41.4767,-81.6804,1710093,41.4993,-81.6944,2.7703919379690842
30,"Pittsburgh, PA",40.4396,-79.9762,1703266,40.4406,-79.9959,1.6708901389042077
31,"Austin, TX",30.3004,-97.7522,1687311,30.2672,-97.7431,3.7936724673246593
32,"Cincinnati, OH",39.1413,-84.5061,1662691,39.1031,-84.512,4.278030330411202
33,"Kansas City, MO",39.1239,-94.5541,1636715,39.0997,-94.5786,3.4218752203436127
34,"Manhattan, NY",40.7834,-73.9662,1628706,40.7831,-73.9712,0.4222958415327374
35,"Indianapolis, IN",39.7771,-86.1458,1588961,39.7684,-86.1581,1.4285892805902114
36,"Columbus, OH",39.9862,-82.985,1562009,39.9612,-82.9988,3.018365453406203
37,"Charlotte, NC",35.208,-80.8304,1512923,35.2271,-80.8431,2.416951461583232
38,"Virginia Beach, VA",36.7335,-76.0435,1478868,36.8529,-75.978,14.501297143821034
39,"Bronx, NY",40.8501,-73.8662,1418207,40.8448,-73.8648,0.6009831748390914
40,"Milwaukee, WI",43.0642,-87.9673,1365787,43.0389,-87.9065,5.685121647121748
41,"Providence, RI",41.823,-71.4187,1203230,41.824,-71.4128,0.5013760337304506
42,"Jacksonville, FL",30.3322,-81.6749,1181496,30.3322,-81.6557,1.842694294112807
43,"Salt Lake City, UT",40.7777,-111.9306,1098526,40.7608,-111.891,3.8278573107929903
44,"Nashville, TN",36.1715,-86.7843,1081903,36.1627,-86.7816,1.0080856715552182
45,"Richmond, VA",37.5295,-77.4756,1075798,37.5407,-77.436,3.7071907010471294
46,"Memphis, TN",35.1046,-89.9773,1066967,35.1495,-90.049,8.212539643771057
47,"Raleigh, NC",35.8325,-78.6435,1038738,35.7796,-78.6382,5.901597244928306
48,"New Orleans, LA",30.0687,-89.9288,1020886,29.9511,-90.0715,18.968162163140207
49,"Louisville, KY",38.1663,-85.6485,1005654,38.2527,-85.7585,13.589282421104517
50,"Oklahoma City, OK",35.4676,-97.5136,972943,35.4676,-97.5164,0.2535736420872286
51,"Bridgeport, CT",41.1918,-73.1953,924449,41.1792,-73.1894,1.4855061826741214
52,"Buffalo, NY",42.9016,-78.8487,914341,42.8864,-78.8784,2.9513371783829623
53,"Fort Worth, TX",32.7811,-97.3473,909585,32.7555,-97.3308,3.2377701479938445
54,"Hartford, CT",41.7661,-72.6834,905152,41.7658,-72.6734,0.83004238923771
55,"Tucson, AZ",32.1545,-110.8782,888486,32.2226,-110.9747,11.823977348531317
56,"Omaha, NE",41.2627,-96.0522,847819,41.2565,-95.9345,9.862489189861032
57,"El Paso, TX",31.8479,-106.4309,843386,31.7619,-106.485,10.843564388936985
58,"Honolulu, HI",21.3294,-157.846,820987,21.3069,-157.8583,2.8076325081164892
59,"McAllen, TX",26.2273,-98.2471,804114,26.2034,-98.23,3.157934326068616
60,"Albuquerque, NM",35.1053,-106.6464,761195,35.0844,-106.6504,2.352295115109696
61,"Birmingham, AL",33.5277,-86.7987,739573,33.5207,-86.8025,0.8543610906356226
62,"Sarasota, FL",27.3386,-82.5431,722243,27.3364,-82.5307,1.2490168669933353
63,"Dayton, OH",39.7797,-84.1998,718353,39.7589,-84.1916,2.4167047267381307
64,"Rochester, NY",43.168,-77.6162,703952,43.1566,-77.6088,1.402534201508785
65,"Fresno, CA",36.7831,-119.7941,703498,36.7372,-119.7871,5.141800633481151
66,"Allentown, PA",40.5961,-75.4756,683794,40.6023,-75.4714,0.7752573637424767
67,"Tulsa, OK",36.1284,-95.9042,671033,36.154,-95.9928,8.449945043452775
68,"Cape Coral, FL",26.6446,-81.9956,668382,26.5629,-81.9495,10.17534351961186
69,"Concord, CA",37.9722,-122.0016,652308,37.9775,-122.0314,2.677712221905517
70,"Colorado Springs, CO",38.8674,-104.7606,642413,38.8339,-104.8214,6.449571340570709
71,"Charleston, SC",32.8153,-79.9628,628377,32.7765,-79.9311,5.233859884054723
72,"Springfield, MA",42.1155,-72.5395,623401,42.1015,-72.5898,4.431801084132259
73,"Grand Rapids, MI",42.962,-85.6562,609314,42.9634,-85.6681,0.9807623705516327
74,"Mission Viejo, CA",33.6095,-117.655,590249,33.6,-117.6719,1.888259891258923
75,"Albany, NY",42.6664,-73.7987,586383,42.6526,-73.7562,3.799007164172829
76,"Knoxville, TN",35.9692,-83.9496,586048,35.9606,-83.9207,2.7711831643699907
77,"Bakersfield, CA",35.3529,-119.0359,579295,35.3733,-119.0187,2.752845590511924
78,"Ogden, UT",41.2278,-111.9682,578523,41.223,-111.9738,0.7100821228135431
79,"Baton Rouge, LA",30.4418,-91.131,570308,30.4515,-91.1871,5.484915052242101
80,"Akron, OH",41.0798,-81.5219,565208,41.0814,-81.519,0.3012234457648454
81,"New Haven, CT",41.3112,-72.9246,564830,41.3083,-72.9279,0.42421198630663365
82,"Columbia, SC",34.0376,-80.9037,560041,34.0007,-81.0348,12.760365940628171
83,"Mesa, AZ",33.4017,-111.718,518012,33.4152,-111.8315,10.641683726233355
84,"Palm Bay, FL",27.955,-80.6627,507002,27.9856,-80.6626,3.402578927669433
85,"Provo, UT",40.2457,-111.6457,500617,40.2338,-111.6585,1.7121116058363393
86,"Worcester, MA",42.2705,-71.8079,498328,42.2626,-71.8023,0.9919674686090115
87,"Murrieta, CA",33.572,-117.1909,496046,33.5539,-117.2139,2.931253337177811
88,"Greenville, SC",34.8353,-82.3647,484465,34.8526,-82.394,3.2939615944640255
89,"Wichita, KS",37.6896,-97.3442,482249,37.6872,-97.3301,1.2690888113062375
90,"Toledo, OH",41.6639,-83.5822,482111,41.6528,-83.5379,3.881727911277368
91,"Staten Island, NY",40.5834,-74.1496,476143,40.5795,-74.1502,0.43661042465950306
92,"Des Moines, IA",41.5725,-93.6105,473957,41.5868,-93.625,1.9957440695741686
93,"Long Beach, CA",33.7981,-118.1675,462628,33.7701,-118.1937,3.9441877312239773
94,"Port St. Lucie, FL",27.2796,-80.3883,461152,27.273,-80.3582,3.0639956317838406
95,"Denton, TX",33.2176,-97.1419,457177,33.2148,-97.1331,0.875842336172074
96,"Madison, WI",43.0826,-89.3931,447245,43.0731,-89.4012,1.2444616210747592
97,"Reno, NV",39.5497,-119.8483,445020,39.5296,-119.8138,3.7077823105449097
98,"Harrisburg, PA",40.2752,-76.8843,442289,40.2732,-76.8867,0.3015195028966836
99,"Little Rock, AR",34.7256,-92.3576,439815,34.7465,-92.2896,6.634101879600625
100,"Oakland, CA",37.7903,-122.2165,433031,37.8044,-122.2711,5.047093062957576
101,"Durham, NC",35.9794,-78.9031,424700,35.994,-78.8986,1.67317244521859
102,"Winston-Salem, NC",36.1029,-80.2611,422269,36.0999,-80.2442,1.55455586978693
103,"Bonita Springs, FL",26.3559,-81.7861,421291,26.3398,-81.7787,1.9361447497198854
104,"Indio, CA",33.7346,-116.2346,417059,33.7206,-116.2156,2.3475161686994834
105,"Palm Coast, FL",29.5392,-81.246,417007,29.5845,-81.2079,6.241164353135969
106,"Chattanooga, TN",35.0657,-85.2488,415501,35.0456,-85.3097,5.976944516835029
107,"Spokane, WA",47.6671,-117.433,412275,47.6588,-117.426,1.0614072276969329
108,"Syracuse, NY",43.0409,-76.1438,404223,43.0481,-76.1474,0.8523798685809633
109,"Lancaster, PA",40.0421,-76.3012,401524,40.0379,-76.3055,0.5933858003475628
110,"Arlington, TX",32.6998,-97.125,398854,32.7357,-97.1081,4.293595235477742
111,"Stockton, CA",37.9765,-121.3109,397264,37.9577,-121.2908,2.7339924458042213
112,"Poughkeepsie, NY",41.6949,-73.921,394760,41.7004,-73.921,0.6115720965456009
113,"Augusta, GA",33.3645,-82.0708,390809,33.4709,-81.9748,14.810906462482995
114,"Boise, ID",43.6007,-116.2312,389280,43.615,-116.2023,2.818260807683074
115,"Oxnard, CA",34.1963,-119.1815,387647,34.1975,-119.1771,0.42610179629509254
116,"Scranton, PA",41.4044,-75.6649,384250,41.408,-75.6624,0.45134725254629937
117,"Modesto, CA",37.6374,-121.0028,383134,37.6391,-120.9969,0.5528363244705866
118,"Kissimmee, FL",28.3042,-81.4164,382720,28.292,-81.4076,1.6070523765336755
119,"Aurora, CO",39.7087,-104.7273,379289,39.7294,-104.8319,9.237758174445181
120,"Youngstown, OH",41.0993,-80.6463,378732,41.0998,-80.6495,0.2738409225124521
121,"Fayetteville, AR",36.0713,-94.166,351246,36.0626,-94.1574,1.238290311544289
122,"Anaheim, CA",33.839,-117.8572,350365,33.8366,-117.9143,5.280528156452399
123,"Pensacola, FL",30.4427,-87.1886,346921,30.4213,-87.2169,3.6089141493160217
124,"Victorville, CA",34.5277,-117.3536,346789,34.5361,-117.2912,5.791873544429421
125,"Lancaster, CA",34.6935,-118.1753,343304,34.6868,-118.1542,2.068011448511841
126,"Greensboro, NC",36.0956,-79.8269,343090,36.0726,-79.792,4.04678766871682
127,"Corpus Christi, TX",27.726,-97.3755,342464,27.8006,-97.3964,8.546245080184256
128,"Fort Wayne, IN",41.0886,-85.1437,334122,41.0793,-85.1394,1.095113789059513
129,"Santa Ana, CA",33.7366,-117.8819,332318,33.7455,-117.8677,1.6441862591915317
130,"Flint, MI",43.0235,-83.6922,332190,43.0125,-83.6875,1.281439093586323
131,"Fayetteville, NC",35.0846,-78.9776,327435,35.0527,-78.8784,9.699928730415458
132,"Jackson, MS",32.3163,-90.2124,325350,32.2988,-90.1848,3.242647148950827
133,"Santa Rosa, CA",38.4458,-122.7067,324634,38.4405,-122.7141,0.8733021099941236
134,"Lansing, MI",42.7142,-84.5601,324286,42.7325,-84.5555,2.069271286103246
135,"San Juan, PR",18.4037,-66.0636,323279,18.4655,-66.1057,8.182024078536184
136,"Lexington, KY",38.0423,-84.4587,323152,38.0406,-84.5037,3.9453272954130547
137,"Ann Arbor, MI",42.2755,-83.7312,322267,42.2808,-83.743,1.1356844864666564
138,"Henderson, NV",36.0133,-115.038,320189,36.0395,-114.9817,5.841322206804046
139,"Huntsville, AL",34.6988,-86.6412,319249,34.7304,-86.5861,6.140878093782072
140,"Mobile, AL",30.6783,-88.1162,315502,30.6954,-88.0399,7.539824140492583
141,"Fort Collins, CO",40.5478,-105.0656,312666,40.5853,-105.0844,4.4619650970687035
142,"Asheville, NC",35.5704,-82.5536,312507,35.5951,-82.5515,2.753072430128363
143,"Santa Clarita, CA",34.4175,-118.4964,312446,34.3917,-118.5426,5.118148129164353
144,"St. Paul, MN",44.9477,-93.104,308096,44.9537,-93.0892,1.3422313368659677
145,"Antioch, CA",37.9789,-121.7958,302419,38.0049,-121.8058,3.0209633809457324
146,"Lakeland, FL",28.0556,-81.9545,302284,28.0395,-81.9498,1.848700775339521
147,"Trenton, NJ",40.2236,-74.7641,290716,40.2206,-74.7597,0.5008335782395065
148,"Lincoln, NE",40.809,-96.6788,289490,40.8136,-96.7026,2.067278209588542
149,"Springfield, MO",37.1943,-93.2916,288090,37.2083,-93.2923,1.557963043993192
150,"Anchorage, AK",61.1508,-149.1091,288000,61.2181,-149.9003,43.05935405060906
151,"Plano, TX",33.0502,-96.7487,287677,33.0198,-96.6989,5.742609291762106
152,"Irvine, CA",33.6772,-117.7738,287401,33.6846,-117.8265,4.945249005494046
153,"Davenport, IA",41.5563,-90.6052,285362,41.5236,-90.5776,4.3009017861155305
154,"Rockford, IL",42.2597,-89.0641,282762,42.2711,-89.0939,2.7604570539430577
155,"Newark, NJ",40.7245,-74.1725,282011,40.7357,-74.1724,1.2454116841135148
156,"South Bend, IN",41.6767,-86.2696,280498,41.6764,-86.251,1.5451393378781098
157,"Shreveport, LA",32.4656,-93.7956,280062,32.5252,-93.7502,7.8771474787618585
158,"Round Lake Beach, IL",42.379,-88.0811,279381,42.379,-88.0817,0.04928397789276783
159,"Savannah, GA",32.0281,-81.1784,276295,32.0809,-81.0912,10.099723891716492
160,"Myrtle Beach, SC",33.7096,-78.8843,275579,33.6956,-78.89,1.6436043896545398
161,"Chula Vista, CA",32.6281,-117.0145,274492,32.6401,-117.0842,6.661761673205297
162,"Eugene, OR",44.0563,-123.1173,273439,44.0521,-123.0868,2.481710696835842
163,"Canton, OH",40.8075,-81.3677,269418,40.7989,-81.3785,1.3193975850352457
164,"Lubbock, TX",33.5659,-101.8878,267648,33.5779,-101.8552,3.3019059868062035
165,"Reading, PA",40.34,-75.9267,267155,40.3356,-75.9269,0.4895512509337662
166,"Winter Haven, FL",28.0118,-81.7017,267069,28.0222,-81.7329,3.273762323921388
167,"Salem, OR",44.9231,-123.0246,266804,44.9429,-123.0351,2.3516975703652188
168,"St. Petersburg, FL",27.7931,-82.6652,265351,27.7676,-82.6403,3.747075979173264
169,"Lafayette, LA",30.2084,-92.0323,264357,30.2241,-92.0198,2.1190312722396953
170,"Laredo, TX",27.5629,-99.4875,262491,27.5306,-99.4803,3.661070679608596
171,"Jersey City, NJ",40.7161,-74.0682,262075,40.7178,-74.0431,2.123837908449436
172,"Concord, NC",35.3933,-80.6366,261801,35.4088,-80.5795,5.454809369962603
173,"Columbus, GA",32.51,-84.8771,261445,32.46,-84.9877,11.769808015650597
174,"Chandler, AZ",33.2826,-111.8516,261165,33.3062,-111.8413,2.7933644516221263
175,"McKinney, TX",33.2015,-96.6669,258277,33.1972,-96.6398,2.5664424959366725
176,"Scottsdale, AZ",33.6872,-111.8651,258069,33.4942,-111.9261,22.191962360235603
177,"Killeen, TX",31.0754,-97.7296,258009,31.1171,-97.7278,4.639994860360376
178,"Tallahassee, FL",30.4551,-84.2526,257601,30.4383,-84.2807,3.278067861216474
179,"Peoria, IL",40.752,-89.6153,256286,40.6936,-89.588,6.889272991133822
180,"Wilmington, NC",34.21,-77.8866,255616,34.2257,-77.9447,5.620174239775559
181,"Montgomery, AL",32.3473,-86.2666,254634,32.3792,-86.3077,5.242472638508206
182,"Gilbert, AZ",33.3101,-111.7463,254114,33.3528,-111.789,6.187149925836355
183,"Glendale, AZ",33.5791,-112.2311,252381,33.5387,-112.186,6.135516777717142
184,"North Las Vegas, NV",36.288,-115.0901,251974,36.1989,-115.1175,10.207640081697448
185,"Chesapeake, VA",36.6778,-76.3024,244835,36.7682,-76.2875,10.139363112489663
186,"Barnstable, MA",41.6722,-70.3599,242847,41.7003,-70.3002,5.860012288996054
187,"Norfolk, VA",36.8945,-76.259,242742,36.8508,-76.2859,5.416422286599293
188,"Fremont, CA",37.5265,-121.9852,241110,37.5485,-121.9886,2.464588992141002
189,"Kennewick, WA",46.1978,-119.1732,240735,46.2112,-119.1372,3.145702029384882
190,"Garland, TX",32.91,-96.6305,239928,32.9126,-96.6389,0.8357346656168392
191,"Irving, TX",32.8584,-96.9702,239798,32.814,-96.9489,5.323037742622283
192,"Visalia, CA",36.3276,-119.3269,237386,36.3302,-119.2921,3.130827748120144
193,"Atlantic City, NJ",39.3797,-74.4527,237054,39.3643,-74.4229,3.081222440625063
194,"Paradise, NV",36.0807,-115.1369,235087,36.0972,-115.1467,2.035101448753013
195,"Nashua, NH",42.7491,-71.491,233917,42.7654,-71.4676,2.6334223108335912
196,"Arlington, VA",38.8786,-77.1011,233464,38.8816,-77.091,0.9357451040999308
197,"Hialeah, FL",25.8696,-80.3046,233339,25.8576,-80.2781,2.9683299133663663
198,"York, PA",39.9651,-76.7315,233184,39.9626,-76.7277,0.4268018661938435
199,"Evansville, IN",37.9881,-87.5341,230427,37.9716,-87.5711,3.7259636685970765
200,"Avondale, AZ",33.3858,-112.3236,227289,33.4356,-112.3496,6.04053198395653
201,"Brownsville, TX",25.998,-97.4565,227239,25.9018,-97.4975,11.45553880056115
202,"Gulfport, MS",30.4271,-89.0703,220987,30.3674,-89.0928,6.980283653348787
203,"Appleton, WI",44.2779,-88.3891,220570,44.2619,-88.4154,2.7477929000603925
204,"Bremerton, WA",47.5436,-122.7122,218400,47.6062,-122.6251,9.546902023578923
205,"Hickory, NC",35.7425,-81.323,218323,35.7345,-81.3445,2.134682006962298
206,"Tacoma, WA",47.2431,-122.4531,217827,47.2529,-122.4443,1.2761998161720673
207,"San Bernardino, CA",34.1417,-117.2946,215784,34.1083,-117.2898,3.740100195515894
208,"College Station, TX",30.5852,-96.296,215243,30.628,-96.3344,6.012919896069253
209,"Kalamazoo, MI",42.2749,-85.5882,215193,42.2917,-85.5872,1.8698852566748345
210,"Thousand Oaks, CA",34.1914,-118.8755,215029,34.1706,-118.8376,4.183762393729513
211,"Roanoke, VA",37.2785,-79.958,214674,37.2707,-79.9414,1.705768156366387
212,"Fontana, CA",34.0968,-117.4599,214547,34.0922,-117.435,2.3492047217406204
213,"Moreno Valley, CA",33.9244,-117.2045,213055,33.9375,-117.2306,2.814283362549348
214,"North Port, FL",27.0577,-82.1975,209070,27.0442,-82.2359,4.088331840360288
215,"Fargo, ND",46.8652,-96.8292,208675,46.8772,-96.7898,3.278870679651924
216,"Green Bay, WI",44.515,-87.9896,207557,44.5192,-88.0198,2.4395733090376894
217,"Spring Valley, NV",36.0987,-115.2619,207127,36.108,-115.245,1.837019330052574
218,"Amarillo, TX",35.1988,-101.8311,205603,35.221,-101.8313,2.468594244131191
219,"Portland, ME",43.6773,-70.2715,203969,43.6591,-70.2568,2.3438298697372795
220,"Santa Barbara, CA",34.4285,-119.7202,202401,34.4208,-119.6982,2.1920042199127114
221,"Gainesville, FL",29.6804,-82.3458,202335,29.6516,-82.3248,3.791092799544799
222,"Olympia, WA",47.0417,-122.8959,200915,47.0379,-122.9007,0.5575340748534271
223,"Frisco, TX",33.1555,-96.8215,200490,33.1507,-96.8236,0.5684125028887632
224,"Yonkers, NY",40.9466,-73.8674,200370,40.9312,-73.8987,3.137613955563487
225,"Norwich, CT",41.5495,-72.0882,200289,41.5243,-72.0758,2.986139734704113
226,"Glendale, CA",34.1818,-118.2468,199303,34.1425,-118.2551,4.436186153665532
227,"Huntington Beach, CA",33.696,-118.0025,199223,33.6603,-117.9992,3.9813860495417104
228,"Deltona, FL",28.905,-81.2137,198361,28.9005,-81.2637,4.892884792624804
229,"Aurora, IL",41.7637,-88.2901,197757,41.7606,-88.3201,2.5120255809431287
230,"Tempe, AZ",33.3881,-111.9318,195805,33.4255,-111.94,4.227772351200786
231,"Overland Park, KS",38.887,-94.687,195494,38.9822,-94.6708,10.678091710543947
232,"Grand Prairie, TX",32.6872,-97.0209,194543,32.7459,-96.9978,6.875606415972859
233,"Sunrise Manor, NV",36.1785,-115.049,193781,36.2111,-115.0741,4.267723713481546
234,"Waco, TX",31.5598,-97.1881,192315,31.5493,-97.1467,4.092873771035493
235,"Salinas, CA",36.6884,-121.6317,190972,36.6777,-121.6555,2.433069065668188
236,"Waterbury, CT",41.5583,-73.0361,189614,41.5582,-73.0515,1.2814071897762511
237,"Clarksville, TN",36.5695,-87.342,188746,36.5298,-87.3595,4.683050001020687
238,"Cedar Rapids, IA",41.9665,-91.6782,188038,41.9779,-91.6656,1.6406963954478087
239,"Sioux Falls, SD",43.5397,-96.732,187239,43.5446,-96.7311,0.5496629761002226
240,"Huntington, WV",38.4109,-82.4344,186034,38.4192,-82.4452,1.3180121474488335
241,"Ontario, CA",34.0393,-117.6064,185010,34.0633,-117.6509,4.891803111925517
242,"Hagerstown, MD",39.6401,-77.7217,184755,39.6418,-77.72,0.23858339572745674
243,"Erie, PA",42.1168,-80.0733,184484,42.1292,-80.0851,1.6876735320788425
244,"Vancouver, WA",45.6366,-122.5967,184463,45.6387,-122.6615,5.043400617756894
245,"Nampa, ID",43.5845,-116.5631,184428,43.5407,-116.5635,4.870444426722196
246,"Spartanburg, SC",34.9437,-81.9257,182701,34.9496,-81.932,0.8718498146251197
247,"Gastonia, NC",35.2494,-81.1853,182581,35.2621,-81.1873,1.423804187491429
248,"Fort Lauderdale, FL",26.1412,-80.1464,182437,26.1224,-80.1373,2.2793226441630607
249,"Lorain, OH",41.4409,-82.184,180279,41.4528,-82.1824,1.3299226983099333
250,"Murfreesboro, TN",35.8492,-86.4119,179951,35.8456,-86.3903,1.9875864040290032
251,"High Point, NC",35.9907,-79.9938,179913,35.9557,-80.0053,4.027064491386291
252,"Newport News, VA",37.1051,-76.5185,179225,37.0871,-76.473,4.504567588246325
253,"Rancho Cucamonga, CA",34.1248,-117.5666,177603,34.1064,-117.5931,3.1839516744328082
254,"Hemet, CA",33.7341,-116.9969,177253,33.7475,-116.9714,2.789201004735202
255,"Santa Cruz, CA",36.9789,-122.0346,176428,36.9741,-122.0308,0.631522520492216
256,"Danbury, CT",41.4016,-73.471,176030,41.3948,-73.454,1.6069865972430992
257,"Peoria, AZ",33.7844,-112.2989,175961,33.5806,-112.2374,23.36506143710711
258,"Oceanside, CA",33.2247,-117.3083,175742,33.1959,-117.3795,7.3574559956269505
259,"Elk Grove, CA",38.416,-121.3842,174775,38.4088,-121.3716,1.358732112246443
260,"Pembroke Pines, FL",26.0128,-80.3382,173591,26.0078,-80.2963,4.223924802067424
261,"Vallejo, CA",38.1133,-122.2358,173256,38.1041,-122.2566,2.0876703266146373
262,"Garden Grove, CA",33.7787,-117.9601,171644,33.7739,-117.9414,1.808916109741499
263,"Enterprise, NV",36.0164,-115.2208,171108,36.0255,-115.2415,2.118872700966678
264,"Medford, OR",42.3372,-122.8537,170876,42.3265,-122.8756,2.1578612495766776
265,"Cary, NC",35.782,-78.8191,170282,35.7915,-78.7811,3.586730939878191
266,"Marysville, WA",48.0809,-122.1561,170009,48.0518,-122.1771,3.592394068847107
267,"Corona, CA",33.8616,-117.5649,169868,33.8753,-117.5664,1.5296527072163673
268,"Ocala, FL",29.178,-82.1511,169383,29.1872,-82.1401,1.478819111772167
269,"Fredericksburg, VA",38.2992,-77.4872,168909,38.3032,-77.4605,2.3719622959504076
270,"Gainesville, GA",34.2903,-83.8301,167371,34.2979,-83.8241,1.008944514401027
271,"Manchester, NH",42.9848,-71.4447,162877,42.9956,-71.4548,1.4549988233820372
272,"Bayam√≥n, PR",18.3793,-66.1635,161034,18.217,-66.1518,18.089157846525637
273,"Champaign, IL",40.1144,-88.2735,159443,40.1164,-88.2434,2.569230362204122
274,"Alexandria, VA",38.8185,-77.0861,159428,38.8048,-77.0469,3.722440537741894
275,"Hayward, CA",37.6328,-122.0772,159203,37.6688,-122.0808,4.015544523332262
276,"Springfield, IL",39.771,-89.6538,158509,39.7817,-89.6501,1.231085083079908
277,"Lakewood, CO",39.6977,-105.1168,157935,39.7047,-105.0814,3.126959557581796
278,"Lafayette, IN",40.399,-86.8594,157820,40.4167,-86.8752,2.3797600443127296
279,"Frederick, MD",39.4336,-77.4141,156787,39.4142,-77.4105,2.1792314512804167
280,"Lake Charles, LA",30.2012,-93.2122,156181,30.2266,-93.2174,2.868209255370818
281,"Odessa, TX",31.8831,-102.3406,155998,31.8457,-102.3676,4.878144539537451
282,"Tuscaloosa, AL",33.2348,-87.5267,155499,33.2098,-87.5692,4.832882325146577
283,"Warner Robins, GA",32.597,-83.6529,155140,32.6207,-83.5982,5.761608344551117
284,"Palmdale, CA",34.5944,-118.1057,155079,34.5794,-118.1165,1.938924416128661
285,"Hollywood, FL",26.0294,-80.1679,154817,26.0112,-80.1495,2.7342301583177018
286,"Midland, TX",32.0249,-102.1137,154793,31.9974,-102.0779,4.554600063480263
287,"Leesburg, FL",28.7657,-81.8996,154574,28.8108,-81.8779,5.442527923568008
288,"Port Arthur, TX",29.8554,-93.9264,154468,29.8849,-93.9399,3.5290942102846476
289,"Muskegon, MI",43.2281,-86.2563,153565,43.2342,-86.2484,0.9325835261980302
290,"Macon, GA",32.8065,-83.6974,153159,32.8407,-83.6324,7.166025771277846
291,"Kansas City, KS",39.1234,-94.7443,152960,39.1155,-94.6268,10.174553051878924
292,"Sunnyvale, CA",37.3836,-122.0256,152703,37.3688,-122.0363,1.8979508494912651
293,"Pomona, CA",34.0585,-117.7626,151691,34.0551,-117.7499,1.2295305177152076
294,"Escondido, CA",33.1347,-117.0722,151625,33.1192,-117.0864,2.172342055375497
295,"Pasadena, TX",29.6583,-95.1499,151227,29.6911,-95.2091,6.783341611949154
296,"New Bedford, MA",41.6697,-70.9428,149910,41.6362,-70.9342,3.7929381588877047
297,"Fairfield, CA",38.2592,-122.0324,148683,38.2494,-122.0407,1.3087080637380757
298,"Naperville, IL",41.7483,-88.1657,148449,41.7508,-88.1535,1.049574940929914
299,"Bellevue, WA",47.5951,-122.1535,148164,47.6104,-122.2007,3.926528892764585
300,"Binghamton, NY",42.1014,-75.9093,148145,42.0987,-75.9179,0.7704372022617656
301,"Elkhart, IN",41.6916,-85.9628,147567,41.6819,-85.9767,1.5797621211566315
302,"Topeka, KS",39.0346,-95.6955,147458,39.0473,-95.6752,2.2512126960344605
303,"Joliet, IL",41.5189,-88.1499,147344,41.525,-88.0817,5.718147557974772
304,"Beaumont, TX",30.0849,-94.1451,146091,30.0802,-94.1266,1.8551569899821485
305,"Paterson, NJ",40.9147,-74.1624,145233,40.9168,-74.1718,0.8236482587160519
306,"Merced, CA",37.3057,-120.4778,145149,37.3022,-120.482,0.5380160806347628
307,"Pueblo, CO",38.2705,-104.6112,143932,38.2544,-104.6091,1.799602599634194
308,"Tyler, TX",32.3184,-95.3062,143796,32.3513,-95.3011,3.689559269723465
309,"Torrance, CA",33.8346,-118.3417,143592,33.8358,-118.3406,0.1677112985623385
310,"Yuma, AZ",32.5992,-114.5488,142847,32.6927,-114.6277,12.753969632239334
311,"Metairie, LA",29.9977,-90.178,142135,29.9841,-90.1529,2.8513513236789207
312,"Surprise, AZ",33.68,-112.4524,141664,33.6292,-112.3679,9.64770137395592
313,"Columbia, MO",38.9478,-92.3256,141645,38.9517,-92.3341,0.8534366635483644
314,"Athens, GA",33.9508,-83.3689,141532,33.9519,-83.3576,1.0494365481322028
315,"Roseville, CA",38.7703,-121.3196,141500,38.7521,-121.288,3.4062572081542104
316,"Thornton, CO",39.9197,-104.9438,141464,39.868,-104.9719,6.228595754589641
317,"Miramar, FL",25.9773,-80.3351,141191,25.9863,-80.3005,3.600384967531102
318,"Pasadena, CA",34.1597,-118.139,141029,34.1478,-118.1445,1.4167018278094616
319,"Mesquite, TX",32.7623,-96.5889,140937,32.7668,-96.5992,1.0853210691305233
320,"Olathe, KS",38.8832,-94.8198,140545,38.8814,-94.8191,0.20912104753949934
321,"Santa Maria, CA",34.9334,-120.4432,140545,34.953,-120.4357,2.284119990371666
322,"Houma, LA",29.5799,-90.7058,140469,29.5958,-90.7195,2.2092331709320527
323,"Carrollton, TX",32.989,-96.8999,139248,32.9756,-96.8899,1.7578825930087085
324,"Grand Junction, CO",39.0876,-108.5673,139143,39.0639,-108.5507,2.999707768878584
325,"Charleston, WV",38.3484,-81.6323,138706,38.3498,-81.6326,0.15785582121719766
326,"Orange, CA",33.8038,-117.8218,138669,33.7879,-117.8531,3.389869951958154
327,"Fullerton, CA",33.8841,-117.9279,138632,33.8704,-117.9242,1.5611955879577073
328,"Greeley, CO",40.4151,-104.7706,137810,40.4233,-104.7091,5.285525428309881
329,"Carolina, PR",18.4054,-65.9792,136771,18.38,-65.9574,3.6425225230121434
330,"Las Cruces, NM",32.3265,-106.7892,136254,32.3199,-106.7637,2.505971128978028
331,"Panama City, FL",30.1995,-85.6004,136133,30.1588,-85.6602,7.315932363526469
332,"Harlingen, TX",26.1917,-97.6976,136037,26.1906,-97.6961,0.1932901965675784
333,"West Valley City, UT",40.6889,-112.0115,135248,40.6885,-112.0118,0.051167386734077024
334,"Hampton, VA",37.0551,-76.363,134510,37.0299,-76.3452,3.2167838914920575
335,"Warren, MI",42.4934,-83.027,133943,42.5145,-83.0147,2.5537035238140966
336,"Mauldin, SC",34.7849,-82.3005,133872,34.7783,-82.3101,1.1433625375065344
337,"Bloomington, IL",40.4757,-88.9703,133846,40.4842,-88.9937,2.1932416868611293
338,"Coral Springs, FL",26.2702,-80.2591,133759,26.2712,-80.2706,1.1520429392352027
339,"Round Rock, TX",30.5254,-97.666,133372,30.5083,-97.6789,2.26769716515861
340,"Yakima, WA",46.5923,-120.5496,133191,46.6021,-120.5059,3.512206237899771
341,"Sterling Heights, MI",42.5809,-83.0305,132438,42.5803,-83.0302,0.07109486301062126
342,"Kent, WA",47.3887,-122.2129,132319,47.3809,-122.2348,1.8629893620367537
343,"Burlington, NC",36.0758,-79.4686,131043,36.0957,-79.4378,3.543529522381398
344,"Bellingham, WA",48.7543,-122.4687,130641,48.7519,-122.4787,0.7801758577059404
345,"Santa Clara, CA",37.3645,-121.968,130365,37.3541,-121.9552,1.617765151209754
346,"Racine, WI",42.7274,-87.8135,130142,42.7261,-87.7829,2.5036933620475432
347,"Greenville, NC",35.5956,-77.3768,130118,35.6127,-77.3664,2.1212037775782315
348,"Stamford, CT",41.1035,-73.5583,129638,41.0534,-73.5387,5.8080606303208215
349,"Elizabeth, NJ",40.6657,-74.1912,129216,40.6639,-74.2107,1.6568654769675397
350,"Johnson City, TN",36.3406,-82.3803,127571,36.3134,-82.3535,3.861568602590766
351,"Lynchburg, VA",37.4003,-79.1909,126814,37.4138,-79.1422,4.555911459205411
352,"Simi Valley, CA",34.2663,-118.749,126589,34.2694,-118.7815,3.006352306526277
353,"Fort Smith, AR",35.3493,-94.3695,125354,35.3859,-94.3986,4.850267210950294
354,"Kenosha, WI",42.5864,-87.8765,124972,42.5847,-87.8212,4.531313537888313
355,"Norman, OK",35.2335,-97.3471,124880,35.2226,-97.4395,8.479846242668398
356,"South Lyon, MI",42.4614,-83.6526,124694,42.4614,-83.6501,0.2050802259564404
357,"Boulder, CO",40.0249,-105.2523,124345,40.015,-105.2705,1.9009975805940105
358,"Abilene, TX",32.4543,-99.7384,123420,32.4487,-99.7331,0.7969055371561361
359,"Lehigh Acres, FL",26.612,-81.6388,123378,26.6253,-81.6248,2.0307713452545135
360,"Pearland, TX",29.5585,-95.3215,122460,29.5585,-95.3215,0.0
361,"Berkeley, CA",37.8723,-122.276,121363,37.8715,-122.273,0.27794643335249936
362,"Richardson, TX",32.9717,-96.7093,121323,32.9483,-96.7299,3.234820634857058
363,"Redding, CA",40.5698,-122.365,121313,40.5865,-122.3917,2.921136799598943
364,"Arvada, CO",39.8321,-105.1511,121272,39.8028,-105.0875,6.334065874102269
365,"East Los Angeles, CA",34.0326,-118.1691,121187,34.0239,-118.172,1.0036312360198902
366,"St. George, UT",37.077,-113.577,120899,37.0965,-113.5684,2.2985779388914964
367,"Billings, MT",45.7891,-108.5524,120728,45.7833,-108.5007,4.060385556651103
368,"Yuba City, CA",39.1357,-121.6381,120456,39.1404,-121.6169,1.9016352911162218
369,"Rochester, MN",44.0151,-92.4778,119942,44.0121,-92.4802,0.3848556512315335
370,"Leominster, MA",42.5209,-71.7717,119690,42.5251,-71.7598,1.0812780746048476
371,"Kingsport, TN",36.5224,-82.5453,119666,36.5484,-82.5618,3.2452219829122266
372,"Duluth, MN",46.7756,-92.1392,119476,46.7867,-92.1005,3.1948498367673817
373,"Rock Hill, SC",34.9416,-81.0244,119105,34.9249,-81.0251,1.8580513571864916
374,"Gilroy, CA",37.0047,-121.5855,118993,37.0058,-121.5683,1.5322169415540872
375,"Cambridge, MA",42.3759,-71.1185,118927,42.3736,-71.1097,0.7667878230879828
376,"Sugar Land, TX",29.5935,-95.6357,118488,29.6197,-95.6349,2.9143335200663847
377,"Texas City, TX",29.4128,-94.9658,118169,29.3838,-94.9027,6.9112782519554665
378,"Iowa City, IA",41.6559,-91.5303,118041,41.6611,-91.5302,0.5782732959296931
379,"Saginaw, MI",43.4199,-83.9501,117958,43.4195,-83.9508,0.07193444239889939
380,"Chico, CA",39.7575,-121.8152,117668,39.7285,-121.8375,3.7461580162538546
381,"Dover, DE",39.161,-75.5203,117282,39.1582,-75.5244,0.4710607294485233
382,"Clearwater, FL",27.9789,-82.7622,116946,27.9659,-82.8001,3.992801531912328
383,"Coeur d'Alene, ID",47.7041,-116.7935,116834,47.6777,-116.7805,3.0926077129489986
384,"Seaside, CA",36.6224,-121.8191,116720,36.6158,-121.8587,3.6095790391111153
385,"Independence, MO",39.0871,-94.3501,116672,39.0911,-94.4155,5.66189402078008
386,"West Jordan, UT",40.6024,-112.0008,116480,40.6097,-111.9391,5.2715517262863845
387,"Brandon, FL",27.9367,-82.3,115911,27.9378,-82.2859,1.3905233364313088
388,"Bloomington, IN",39.1637,-86.5257,115884,39.1653,-86.5264,0.18786880419487664
389,"El Monte, CA",34.0739,-118.0291,115487,34.0686,-118.0276,0.6053114869923643
390,"North Charleston, SC",32.9066,-80.0722,115382,32.8772,-80.0131,6.413843287576217
391,"Carlsbad, CA",33.1247,-117.2837,115382,33.1581,-117.3506,7.251972953700349
392,"St. Cloud, MN",45.5339,-94.1718,115028,45.5579,-94.1632,2.7514293560776504
393,"Temecula, CA",33.4928,-117.1315,114761,33.4936,-117.1484,1.5696791914158907
394,"Clovis, CA",36.8278,-119.6831,114584,36.8252,-119.7029,1.7858839956407344
395,"Meridian, ID",43.6112,-116.3968,114161,43.6121,-116.3915,0.43827435141261395
396,"The Woodlands, TX",30.1738,-95.5134,113819,30.1658,-95.4613,5.0868840957026755
397,"Ponce, PR",18.012,-66.6198,113401,18.0111,-66.6141,0.6110020103630852
398,"Westminster, CO",39.8837,-105.0624,113166,39.8822,-105.0644,0.2386249581852879
399,"Costa Mesa, CA",33.6667,-117.9135,113003,33.6412,-117.9187,2.8760299174321626
400,"Monroe, LA",32.5183,-92.0774,112891,32.5093,-92.1193,4.054268471755412
401,"Utica, NY",43.0961,-75.226,112650,43.1009,-75.2337,0.8220249071673322
402,"Pompano Beach, FL",26.2428,-80.1312,112118,26.2379,-80.1248,0.8392300820452516
403,"West Palm Beach, FL",26.7468,-80.1316,111955,26.7153,-80.0534,8.519474258365614
404,"Waterloo, IA",42.492,-92.3522,111631,42.4928,-92.3426,0.7921287641558844
405,"Everett, WA",47.9525,-122.1669,111475,47.9789,-122.2021,3.935201182573429
406,"El Centro, CA",32.7867,-115.5586,111425,32.792,-115.5631,0.7240583811724538
407,"Santa Fe, NM",35.6619,-105.9819,111269,35.687,-105.9378,4.863928925602552
408,"Downey, CA",33.9379,-118.1312,111126,33.94,-118.1312,0.23350934595381345
409,"Spring Hill, FL",28.4797,-82.53,111076,28.4832,-82.5361,0.7119785243723629
410,"Lowell, MA",42.6389,-71.3217,110997,42.6334,-71.3162,0.7592391499452738
411,"Centennial, CO",39.5926,-104.8674,110937,39.5807,-104.8772,1.5672175644732538
412,"Elgin, IL",42.0385,-88.3229,110849,42.0354,-88.2826,3.3460160738904943
413,"Richmond, CA",37.9477,-122.339,110567,37.9358,-122.3477,1.5274038019072975
414,"Broken Arrow, OK",36.0365,-95.7809,110198,36.0609,-95.7975,3.09652124492825
415,"Miami Gardens, FL",25.9433,-80.2426,110001,25.942,-80.2456,0.332983226929888
416,"Bend, OR",44.0562,-121.3087,109802,44.0567,-121.3153,0.5303335771485146
417,"Burlington, VT",44.4877,-73.2314,109763,44.4759,-73.2121,2.0164448752016386
418,"Jurupa Valley, CA",34.001,-117.4705,109527,33.9972,-117.4855,1.4459040141230048
419,"Sandy Springs, GA",33.9366,-84.3703,109452,33.9304,-84.3733,0.7428903862961977
420,"Gresham, OR",45.5023,-122.4413,109381,45.5023,-122.4415,0.015586874093121601
421,"Lewisville, TX",33.0452,-96.9823,109212,33.0462,-96.9942,1.1147299218248727
422,"Hillsboro, OR",45.5272,-122.9361,109128,45.5229,-122.9898,4.210619797664906
423,"San Buenaventura, CA",34.2741,-119.2314,109106,34.2746,-119.227,0.4081031857963966
424,"Jacksonville, NC",34.7288,-77.3941,108856,34.7541,-77.4302,4.335281830509625
425,"Pottstown, PA",40.2507,-75.6444,108758,40.2454,-75.6496,0.7362611608159916
426,"Inglewood, CA",33.9566,-118.3444,108151,33.9617,-118.3531,0.9825631141432974
427,"League City, TX",29.4873,-95.1087,107536,29.5075,-95.0949,2.613221137615618
428,"Eau Claire, WI",44.8199,-91.4949,107404,44.8113,-91.4985,0.9975474670480965
429,"Turlock, CA",37.5053,-120.8588,107317,37.4947,-120.8466,1.59610745652514
430,"Temple, TX",31.1076,-97.3894,107258,31.0982,-97.3428,4.558227159848104
431,"Sioux City, IA",42.4959,-96.3901,106455,42.4967,-96.4049,1.2166543583288425
432,"Salisbury, MD",38.3756,-75.5867,106447,38.3607,-75.5994,1.9927099844590086
433,"Davie, FL",26.0789,-80.287,106306,26.0765,-80.2521,3.4958435062108384
434,"Daly City, CA",37.6862,-122.4685,106280,37.6879,-122.4702,0.241061581362158
435,"Highlands Ranch, CO",39.5419,-104.9708,105631,39.5475,-104.992,1.9214996486583114
436,"Allen, TX",33.1088,-96.6735,105623,33.1032,-96.6706,0.6787546547738088
437,"West Covina, CA",34.0555,-117.9112,105101,34.0686,-117.938,2.86645165134553
438,"Sparks, NV",39.5729,-119.7157,105006,39.5349,-119.7527,5.283624681510463
439,"Wichita Falls, TX",33.9072,-98.5291,104683,33.9137,-98.4934,3.3728134222133006
440,"San Mateo, CA",37.5521,-122.3122,104430,37.5629,-122.3255,1.6782874343742857
441,"Columbia, MD",39.2004,-76.859,103991,39.2037,-76.861,0.4053968730915203
442,"Norwalk, CA",33.9069,-118.0829,103949,33.9022,-118.0817,0.534221203899763
443,"Rialto, CA",34.1174,-117.3894,103526,34.1064,-117.3703,2.141979107338128
444,"Manteca, CA",37.7927,-121.2264,103420,37.7974,-121.2161,1.0450881745252016
445,"Arden-Arcade, CA",38.6034,-121.381,102864,38.607,-121.3849,0.5244880953874522
446,"El Cajon, CA",32.8017,-116.9605,102708,32.7948,-116.9625,0.7896900552988142
447,"Burbank, CA",34.1879,-118.3235,102511,34.1808,-118.3089,1.5578359340047283
448,"Longmont, CO",40.1686,-105.1005,102474,40.1672,-105.1019,0.1959214212911994
449,"Renton, WA",47.4784,-122.1919,101751,47.4829,-122.2171,1.9587672392140318
450,"Vista, CA",33.1896,-117.2386,101638,33.2,-117.2425,1.2120293891500513
451,"Logan, UT",41.74,-111.8419,101616,41.736,-111.8338,0.8059314701205805
452,"Prescott Valley, AZ",34.5983,-112.3176,101539,34.61,-112.3157,1.3125510729850673
453,"Vacaville, CA",38.359,-121.968,101444,38.3566,-121.9877,1.7383205795288337
454,"Edinburg, TX",26.3197,-98.1596,101170,26.3014,-98.1628,2.0597138626044083
455,"Carmel, IN",39.965,-86.146,101068,39.9784,-86.118,2.813058910267639
456,"Spokane Valley, WA",47.6626,-117.2346,101060,47.6732,-117.2394,1.2322521414787746
457,"San Angelo, TX",31.4424,-100.4506,101004,31.4638,-100.437,2.7067683816953165
458,"La Crosse, WI",43.824,-91.2268,100693,43.8014,-91.2396,2.714783006599095
459,"Idaho Falls, ID",43.4872,-112.0362,100442,43.4916,-112.0337,0.5291956227402741
460,"Holland, MI",42.7677,-86.0985,100432,42.7875,-86.1089,2.3596158768853814
461,"Charlottesville, VA",38.0375,-78.4855,100416,38.0293,-78.4767,1.1939011610061856
462,"Longview, TX",32.5193,-94.7621,100330,32.5007,-94.7405,2.8948175787209127
463,"Tracy, CA",37.7269,-121.4522,100049,37.7397,-121.4252,2.768305287306751
464,"Boca Raton, FL",26.3752,-80.108,99805,26.3683,-80.1289,2.2189837177291842
465,"Lafayette, CO",39.9949,-105.0997,99645,39.9936,-105.0897,0.8640517796375129
466,"Lee's Summit, MO",38.9172,-94.3816,99357,38.9108,-94.3822,0.7135383942750979
467,"Rio Rancho, NM",35.2872,-106.6981,99178,35.2328,-106.663,6.837166925225516
468,"South Fulton, GA",33.6269,-84.5802,99155,33.6407,-84.4194,14.965786553864755
469,"Beaverton, OR",45.4779,-122.8168,99037,45.4871,-122.8037,1.4455336311937235
470,"Lawrence, KS",38.9597,-95.2641,98648,38.9717,-95.2353,2.8249437277788085
471,"Bismarck, ND",46.8144,-100.7694,98345,46.8083,-100.7837,1.2823362000966876
472,"Orem, UT",40.2983,-111.6992,97828,40.2969,-111.6946,0.42002936961082016
473,"Middletown, OH",39.5032,-84.366,97730,39.5151,-84.3983,3.0707239309779144
474,"San Tan Valley, AZ",33.1879,-111.5472,96692,33.1765,-111.545,1.284049732520698
475,"San Marcos, CA",33.135,-117.1744,96664,33.1434,-117.1661,1.2122898063472165
476,"Sandy, UT",40.571,-111.8505,96380,40.5725,-111.86,0.8195485280488815
477,"Federal Way, WA",47.3091,-122.3358,96289,47.3223,-122.3126,2.2832351818738132
478,"Mandeville, LA",30.3751,-90.0904,95968,30.3583,-90.0656,3.0250303908115614
479,"Hesperia, CA",34.3975,-117.3147,95750,34.4264,-117.3009,3.4538992349624373
480,"Brockton, MA",42.0821,-71.0242,95708,42.0834,-71.0187,0.4763575204868497
481,"Compton, CA",33.893,-118.2275,95605,33.8958,-118.2201,0.7506294702657573
482,"Riverview, FL",27.8227,-82.3023,95338,27.872,-82.3265,5.975984085478524
483,"Fishers, IN",39.9589,-85.9661,95310,39.9568,-86.0133,4.029759926874486
484,"Sunrise, FL",26.1547,-80.2997,95166,26.166,-80.2566,4.481333244067851
485,"Bowling Green, KY",36.9719,-86.4373,95135,36.9903,-86.4436,2.121136440282421
486,"Roswell, GA",34.0391,-84.3513,94763,34.0232,-84.3616,2.006668009629935
487,"Menifee, CA",33.6909,-117.1849,94756,33.6783,-117.1661,2.233552537046319
488,"Plantation, FL",26.126,-80.2617,94580,26.1276,-80.2331,2.8607675733350852
489,"Dover, NH",43.1887,-70.8845,94563,43.1979,-70.8737,1.3464946010443184
490,"Quincy, MA",42.2516,-71.0183,94470,42.2529,-71.0023,1.3247990028675272
491,"Portsmouth, VA",36.8468,-76.354,94398,36.8354,-76.2983,5.116235886817389
492,"Chino, CA",33.9836,-117.6654,94371,34.0122,-117.6889,3.8479582220758353
493,"Lynn, MA",42.4779,-70.9663,94299,42.4668,-70.9495,1.8498675424706483
494,"Edmond, OK",35.6689,-97.4159,94054,35.6528,-97.4781,5.897668267806332
495,"Hanford, CA",36.3274,-119.6549,94028,36.3275,-119.6457,0.824244014839553
496,"Dearborn, MI",42.3127,-83.2129,93932,42.3223,-83.1763,3.1929880359836496
497,"Livonia, MI",42.3972,-83.3733,93665,42.3684,-83.3527,3.621912980734514
498,"South Gate, CA",33.9448,-118.1926,93444,33.9547,-118.212,2.1009350852712028
499,"Vineland, NJ",39.4653,-74.9981,93239,39.4862,-75.0257,3.318533870513955
500,"Florence, SC",34.1781,-79.7877,93131,34.1954,-79.7626,3.0051270125146265
501,"Portsmouth, NH",43.058,-70.7826,93069,43.0718,-70.7626,2.2348223770202664
502,"Slidell, LA",30.2881,-89.7826,93040,30.2752,-89.7812,1.4407002433291067
503,"Lawton, OK",34.6176,-98.4203,93025,34.6036,-98.3959,2.7220855544648312
504,"Kirkland, WA",47.6974,-122.2054,93010,47.6815,-122.2087,1.785170659862563
505,"Missoula, MT",46.875,-114.0214,92895,46.8721,-113.994,2.107599822729944
506,"Auburn, AL",32.6087,-85.4899,92777,32.6099,-85.4808,0.862748034423753
507,"Rapid City, SD",44.0716,-103.2204,92664,44.0805,-103.231,1.3024604950900829
508,"Terre Haute, IN",39.4654,-87.3763,92490,39.4667,-87.4139,3.230918319088883
509,"Suffolk, VA",36.6953,-76.6398,92108,36.7282,-76.5836,6.203215869733053
510,"Blacksburg, VA",37.23,-80.4279,91888,37.2296,-80.4139,1.2402892763089426
511,"Mount Pleasant, SC",32.8538,-79.8204,91684,32.8323,-79.8284,2.5047889060976827
512,"Carson, CA",33.8374,-118.2559,91394,33.8314,-118.282,2.5013205320110368
513,"Conroe, TX",30.3239,-95.4825,91079,30.3119,-95.4561,2.8639124972831587
514,"Alafaya, FL",28.5278,-81.1865,91068,28.5144,-81.1978,1.8544501394640802
515,"Livermore, CA",37.6862,-121.7608,90923,37.6819,-121.768,0.7937604639821784
516,"Westminster, CA",33.7523,-117.9938,90643,33.7592,-118.0067,1.418076466779634
517,"Germantown, MD",39.1755,-77.2643,90582,39.1732,-77.2717,0.6872487455777415
518,"Santa Monica, CA",34.0232,-118.4813,90401,34.0195,-118.4912,1.0008700313997325
519,"New Braunfels, TX",29.6994,-98.1148,90209,29.703,-98.1245,1.0188220035704452
520,"Fall River, MA",41.7137,-71.1014,89541,41.7015,-71.1554,4.683450656830446
521,"Albany, GA",31.5776,-84.1762,89217,31.5785,-84.1557,1.9445424614689835
522,"Miami Beach, FL",25.8171,-80.1396,88885,25.7907,-80.13,3.088853305326265
523,"Norwalk, CT",41.1144,-73.4215,88816,41.1176,-73.4079,1.1935717561923394
524,"San Leandro, CA",37.7071,-122.1601,88815,37.7249,-122.1561,2.0102991971912583
525,"O'Fallon, MO",38.785,-90.7175,88673,38.8106,-90.6998,3.23356290947381
526,"Newton, MA",42.3316,-71.2085,88414,42.336,-71.2092,0.4926295270518546
527,"Muncie, IN",40.1989,-85.395,87879,40.1934,-85.3864,0.9526622223374508
528,"Citrus Heights, CA",38.6948,-121.288,87796,38.7071,-121.2811,1.4930258745556864
529,"State College, PA",40.7909,-77.8568,87723,40.7934,-77.86,0.3871010343768097
530,"Town 'n' Country, FL",28.0108,-82.576,87338,28.0043,-82.5754,0.7251632822828018
531,"Decatur, IL",39.8556,-88.9337,87236,39.8403,-88.9548,2.4777087558991346
532,"Jackson, MI",42.2431,-84.4037,87110,42.2459,-84.4013,0.36873461829607235
533,"Fort Myers, FL",26.6195,-81.8303,87103,26.6406,-81.8723,4.788885070816053
534,"Goodyear, AZ",33.2613,-112.3622,86840,33.4354,-112.3577,19.363548637758065
535,"Dalton, GA",34.769,-84.9712,86628,34.7698,-84.9702,0.12750070630213117
536,"Bryan, TX",30.6657,-96.3668,86276,30.6744,-96.3699,1.0118098233963961
537,"Waukegan, IL",42.3697,-87.8716,86075,42.3636,-87.8448,2.3038941825775368
538,"Hawthorne, CA",33.9146,-118.3476,86068,33.9164,-118.3526,0.5029250447672216
539,"Anderson, IN",40.0891,-85.6893,85992,40.1053,-85.6803,1.9572751465665192
540,"Redwood City, CA",37.5026,-122.2252,85925,37.4852,-122.2364,2.1725053744832095
541,"Hoover, AL",33.3754,-86.8064,85768,33.4054,-86.8114,3.367991579920845
542,"Lake Forest, CA",33.6606,-117.6712,85531,33.6469,-117.6861,2.0549083970830466
543,"Napa, CA",38.2976,-122.3011,85239,38.2975,-122.2869,1.239228475302177
544,"Whittier, CA",33.9678,-118.0188,85098,33.9792,-118.0328,1.8092869561516682
545,"Clifton, NJ",40.8631,-74.1575,85052,40.8584,-74.1638,0.744195502657066
546,"Largo, FL",27.9088,-82.7711,84948,27.9095,-82.7873,1.5937453395660541
547,"Bloomington, MN",44.8306,-93.3151,84943,44.8408,-93.2983,1.7439155854296833
548,"Johns Creek, GA",34.0333,-84.2027,84579,34.0289,-84.1986,0.618158855485008
549,"Newport Beach, CA",33.6151,-117.8669,84534,33.6189,-117.9289,5.756626243667256
550,"Mission, TX",26.2041,-98.3251,84331,26.2159,-98.3253,1.312251828362225
551,"Milpitas, CA",37.4339,-121.8921,84196,37.4283,-121.9066,1.4237184505408849
552,"Troy, MI",42.5818,-83.1457,84092,42.6056,-83.1499,2.668678172032277
553,"Madera, CA",36.9631,-120.0782,84086,36.9613,-120.0607,1.5676755502770734
554,"Joplin, MO",37.0758,-94.5018,84048,37.0842,-94.5133,1.3831770470423925
555,"Chino Hills, CA",33.9508,-117.7253,83853,33.9898,-117.7326,4.388541308612965
556,"Alhambra, CA",34.084,-118.1355,83750,34.0953,-118.127,1.4803665011394633
557,"Franklin, TN",35.9216,-86.8525,83097,35.9251,-86.8689,1.5271750165633557
558,"Melbourne, FL",28.1085,-80.6627,83029,28.0836,-80.6081,6.029148258411797
559,"Port Huron, MI",42.9822,-82.4387,82970,42.9827,-82.4393,0.0739815006490107
560,"Springfield, OH",39.9297,-83.7957,82820,39.9242,-83.8088,1.2735111073668064
561,"Mountain View, CA",37.4,-122.0796,82739,37.3861,-122.0839,1.5916073079151833
562,"Zephyrhills, FL",28.2408,-82.1796,82476,28.2336,-82.1812,0.8158022214993909
563,"St. Augustine, FL",29.8977,-81.31,82180,29.9012,-81.3124,0.4527524420882287
564,"Flagstaff, AZ",35.1872,-111.6195,81974,35.1983,-111.6513,3.142238681709456
565,"Buena Park, CA",33.8572,-118.0046,81788,33.8674,-117.9981,1.2831943616172647
566,"Pleasanton, CA",37.6663,-121.8805,81777,37.6624,-121.8747,0.6698519208542317
567,"Silver Spring, MD",39.0028,-77.0207,81773,38.9907,-77.0261,1.4240895795615955
568,"Atascocita, TX",29.9777,-95.1953,81557,29.9988,-95.1767,2.9518879901851665
569,"Westland, MI",42.3192,-83.3805,81511,42.3242,-83.4002,1.7124015436280198
570,"Auburn, WA",47.3039,-122.2108,81464,47.3073,-122.2284,1.3798417300870183
571,"Cranston, RI",41.7658,-71.4857,81456,41.7798,-71.4373,4.305048214050432
572,"Somerville, MA",42.3908,-71.1013,81360,42.3876,-71.0995,0.38530980290922373
573,"Folsom, CA",38.6668,-121.1422,81328,38.6773,-121.1779,3.31187766779035
574,"Springdale, AR",36.1899,-94.1574,81125,36.1867,-94.1288,2.591205499450503
575,"Deerfield Beach, FL",26.305,-80.1277,81066,26.3184,-80.0998,3.1549440042173917
576,"Warwick, RI",41.7062,-71.4334,81004,41.7001,-71.4162,1.5808279888911787
577,"Cicero, IL",41.8445,-87.7593,80796,41.8457,-87.7546,0.4115548391006337
578,"Farmington Hills, MI",42.486,-83.3771,80612,42.4984,-83.3677,1.5796041589604497
579,"Newark, OH",40.0705,-82.4251,80451,40.0581,-82.4013,2.4501631888662296
580,"Williamsburg, VA",37.2692,-76.7076,80441,37.2707,-76.7075,0.16702695145538646
581,"Brooklyn Park, MN",45.1112,-93.3505,80389,45.0941,-93.3563,1.9551651909851282
582,"Hattiesburg, MS",31.3074,-89.317,80138,31.3271,-89.2903,3.3513426271415008
583,"Alexandria, LA",31.2923,-92.4702,80129,31.3113,-92.4451,3.1859872043256123
584,"Lawrence, MA",42.7003,-71.1626,80028,42.707,-71.1631,0.7461254894229894
585,"Florence, AL",34.8303,-87.6654,79964,34.7998,-87.6773,3.5611913809398072
586,"Valdosta, GA",30.8502,-83.2788,79820,30.8327,-83.2785,1.9461219853094205
587,"Plymouth, MN",45.0225,-93.4618,79768,45.0105,-93.4555,1.4232671308730558
588,"Buckeye, AZ",33.4314,-112.6429,79620,33.3703,-112.5838,8.732553867739458
589,"Georgetown, TX",30.6668,-97.6953,79604,30.6333,-97.677,4.115873491393355
590,"Cheyenne, WY",41.1351,-104.79,79484,41.1399,-104.8202,2.5847919043635335
591,"Cedar Park, TX",30.5106,-97.8196,79462,30.5052,-97.8203,0.6041857891629975
592,"The Villages, FL",28.9021,-81.9888,79372,28.9186,-81.928,6.1959930971699775
593,"Kokomo, IN",40.464,-86.1277,79351,40.4864,-86.1336,2.5402690208226915
594,"Tustin, CA",33.7309,-117.8106,79348,33.742,-117.8236,1.7229246460218526
595,"Lakewood, CA",33.8471,-118.1221,79307,33.8536,-118.1332,1.2542408200687676
596,"Perris, CA",33.7899,-117.2233,79291,33.7825,-117.2287,0.9623501664440098
597,"St. Joseph, MO",39.7599,-94.821,79161,39.7675,-94.8467,2.3536372333208053
598,"Flower Mound, TX",33.0344,-97.1146,79135,33.0146,-97.0969,2.751430439272488
599,"Pharr, TX",26.1685,-98.1904,79112,26.1948,-98.1836,3.0021153434000616
600,"Pine Hills, FL",28.5818,-81.4693,78995,28.5802,-81.4646,0.49220963099059817
601,"Alton, IL",38.9034,-90.1523,78905,38.8906,-90.1843,3.113638010800176
602,"Loveland, CO",40.4166,-105.0623,78877,40.3978,-105.074,2.3133117297671153
603,"Boynton Beach, FL",26.5281,-80.0811,78679,26.5318,-80.0905,1.0216707352625887
604,"New Rochelle, NY",40.9305,-73.7836,78557,40.9115,-73.7824,2.115108058425372
605,"Anderson, SC",34.5211,-82.6479,78512,34.5034,-82.6501,1.9784458189624985
606,"Jonesboro, AR",35.8212,-90.6791,78394,35.8423,-90.7043,3.265840417089081
607,"Lebanon, PA",40.3412,-76.4227,78302,40.3409,-76.4119,0.9159432931062466
608,"Parma, OH",41.3843,-81.7286,78103,41.4048,-81.7229,2.3285558518657186
609,"Layton, UT",41.0769,-111.9621,78014,41.0586,-111.9141,4.509251134655151
610,"Elizabethtown, KY",37.703,-85.877,78002,37.7034,-85.8646,1.0918117775260592
611,"Texarkana, TX",33.4487,-94.0815,77964,33.4251,-94.0477,4.089390547751926
612,"Alameda, CA",37.767,-122.2672,77624,37.7652,-122.2416,2.259162993897573
613,"Kankakee, IL",41.1019,-87.8643,77429,41.12,-87.8612,2.0293159215250256
614,"Watsonville, CA",36.9206,-121.7706,77352,36.9102,-121.7569,1.6795163500582282
615,"Porterville, CA",36.0644,-119.0338,77318,36.0652,-119.0168,1.5306254777520414
616,"Baytown, TX",29.7586,-94.9669,77192,29.7355,-94.9774,2.761393282116144
617,"Upland, CA",34.1178,-117.6603,77140,34.0975,-117.6484,2.509096065166701
618,"Davis, CA",38.5552,-121.7365,76997,38.5449,-121.7405,1.196965674574144
619,"Camarillo, CA",34.223,-119.0322,76931,34.2164,-119.0376,0.8860633341922524
620,"South Jordan, UT",40.557,-111.9782,76598,40.5622,-111.9297,4.137787677567557
621,"Battle Creek, MI",42.2986,-85.2296,76514,42.3212,-85.1797,4.811672985642824
622,"Bellflower, CA",33.888,-118.1271,76435,33.8817,-118.117,1.1661784428373456
623,"San Marcos, TX",29.8736,-97.9381,76218,29.8833,-97.9414,1.124540207574588
624,"San Ramon, CA",37.7625,-121.9365,75995,37.7799,-121.978,4.129026276077201
625,"Lake Jackson, TX",29.0516,-95.4522,75860,29.0384,-95.4344,2.269026875666289
626,"Bethlehem, PA",40.6266,-75.3679,75815,40.6259,-75.3705,0.23282080943359304
627,"Wyoming, MI",42.8909,-85.7066,75667,42.9134,-85.7053,2.5041256050842318
628,"Oshkosh, WI",44.0228,-88.5619,75536,44.0247,-88.5426,1.5575251820499687
629,"Hammond, IN",41.6169,-87.491,75522,41.5834,-87.5,3.7994594509625315
630,"Waldorf, MD",38.6085,-76.9195,75489,38.6246,-76.9398,2.5130739075719752
631,"Missouri City, TX",29.563,-95.5365,75457,29.6186,-95.5377,6.183526645183028
632,"Pasco, WA",46.2506,-119.1304,75432,46.2396,-119.1006,2.5976048380092873
633,"Wheeling, WV",40.0752,-80.6951,75392,40.0639,-80.7214,2.566564145730391
634,"Kendall, FL",25.6697,-80.3556,75312,25.6663,-80.3568,0.396730994325216
635,"Baldwin Park, CA",34.0829,-117.9721,75251,34.0853,-117.9609,1.0654105094491662
636,"Rancho Cordova, CA",38.574,-121.2523,75087,38.5891,-121.3027,4.691677295442934
637,"Conway, AR",35.0754,-92.4694,74951,35.0887,-92.4421,2.8910331184897107
638,"Gary, IN",41.5906,-87.3472,74879,41.5934,-87.3464,0.3183745520622825
639,"Altoona, PA",40.5082,-78.4007,74829,40.5187,-78.3947,1.2729632550185295
640,"Lodi, CA",38.1218,-121.2932,74773,38.1341,-121.2722,2.2901233705901727
641,"Arlington Heights, IL",42.0955,-87.9825,74760,42.0884,-87.9806,0.8049000603634684
642,"Bolingbrook, IL",41.6903,-88.1019,74545,41.6986,-88.0684,2.9306078096194366
643,"Rochester Hills, MI",42.6645,-83.1563,74516,42.6584,-83.1499,0.8567058026800924
644,"Winchester, VA",39.1735,-78.1746,74417,39.1857,-78.1633,1.670025459789748
645,"Framingham, MA",42.3085,-71.4368,74416,42.2793,-71.4162,3.6624051740251713
646,"Hilton Head Island, SC",32.1896,-80.7499,74139,32.2163,-80.7526,2.9797535315155814
647,"Centreville, VA",38.8391,-77.4388,74125,38.8404,-77.4289,0.8695392393366314
648,"Union City, CA",37.603,-122.0187,74107,37.5963,-122.0816,5.5912833278890925
649,"Owensboro, KY",37.7574,-87.1173,74068,37.7719,-87.1112,1.6991520164125342
650,"Jackson, TN",35.6535,-88.8353,74065,35.6145,-88.8139,4.748316392090745
651,"Cleveland, TN",35.1817,-84.8707,73596,35.1595,-84.8766,2.526108805555991
652,"Wausau, WI",44.962,-89.6459,73593,44.9592,-89.6301,1.2815506754636807
653,"Camden, NJ",39.9362,-75.1073,73562,39.9259,-75.1196,1.5529512054839416
654,"Anniston, AL",33.6712,-85.8136,73501,33.6598,-85.8316,2.09328962589672
655,"Evanston, IL",42.0463,-87.6942,73473,42.0447,-87.6939,0.17962826085106315
656,"Apple Valley, CA",34.5328,-117.2104,73453,34.5008,-117.1859,4.2071020722739
657,"Mansfield, OH",40.7656,-82.5275,73326,40.7584,-82.5154,1.2959579523733888
658,"Caguas, PR",18.2319,-66.0388,73322,18.2355,-66.0485,1.0998654473503933
659,"Schaumburg, IL",42.0307,-88.0838,72887,42.0334,-88.0834,0.30203852485905874
660,"Pocatello, ID",42.8724,-112.4646,72878,42.8719,-112.4455,1.5574867197553586
661,"Woodbury, MN",44.9056,-92.923,72828,44.9239,-92.9594,3.5151341526414206
662,"Southfield, MI",42.4765,-83.2605,72689,42.4734,-83.2219,3.1844646476224967
663,"Ellicott City, MD",39.2773,-76.8344,72665,39.2673,-76.7983,3.300480180832423
664,"Dale City, VA",38.6473,-77.3459,72627,38.6404,-77.3121,3.034073665371658
665,"Maple Grove, MN",45.1089,-93.4626,72622,45.0725,-93.4558,4.08254531452564
666,"Pittsburg, CA",38.0182,-121.8964,72588,38.0274,-121.8847,1.448057179657821
667,"New Britain, CT",41.6758,-72.7862,72495,41.6612,-72.7795,1.7161858202669742
668,"Morgantown, WV",39.638,-79.9468,72458,39.6295,-79.9559,1.2249906696812145
669,"Mansfield, TX",32.569,-97.1211,72419,32.5632,-97.1417,2.035344703282906
670,"Hammond, LA",30.5061,-90.4563,72413,30.5044,-90.4612,0.5060678306781803
671,"Dothan, AL",31.2335,-85.4069,72396,31.2232,-85.393,1.7488631487760293
672,"Harrisonburg, VA",38.4361,-78.8735,72386,38.4496,-78.8689,1.5536702617829694
673,"Wenatchee, WA",47.4356,-120.3283,72350,47.4235,-120.3103,1.9088243268051497
674,"Waukesha, WI",43.0087,-88.2464,72299,43.0117,-88.2315,1.2565956075595786
675,"Pawtucket, RI",41.8744,-71.3743,72117,41.8787,-71.3826,0.8371661167656017
676,"Redmond, WA",47.6762,-122.1169,71929,47.6731,-122.1215,0.4872781294629919
677,"Lauderhill, FL",26.1605,-80.2242,71868,26.1404,-80.2134,2.4814002580370675
678,"Sumter, SC",33.9392,-80.393,71518,33.9204,-80.3415,5.190971210271195
679,"Redlands, CA",34.0511,-117.1712,71513,34.0556,-117.1825,1.1550443724785944
680,"Daphne, AL",30.6286,-87.8866,71484,30.6035,-87.9036,3.230499579291043
681,"Mount Vernon, WA",48.4202,-122.3115,71422,48.4194,-122.324,0.9267353410233811
682,"Weston, FL",26.1006,-80.4054,71166,26.1004,-80.3998,0.5596338736445802
683,"St. Charles, MO",38.7954,-90.5157,71028,38.7881,-90.4974,1.7816829741528086
684,"Janesville, WI",42.6855,-89.0136,70755,42.6828,-89.0187,0.5137296940280491
685,"Sherman, TX",33.6274,-96.6218,70704,33.6357,-96.6089,1.5093610168264555
686,"North Richland Hills, TX",32.8605,-97.218,70670,32.8343,-97.2289,3.086126840318298
687,"Broomfield, CO",39.9541,-105.0527,70465,39.9205,-105.0866,4.72360223707664
688,"El Paso de Robles, CA",35.6394,-120.656,70248,35.6369,-120.6545,0.3092764576924489
689,"Bristol, TN",36.5572,-82.2154,70243,36.5951,-82.1887,4.841977863387584
690,"Wilmington, DE",39.7415,-75.5413,70166,39.7391,-75.5398,0.29608746318024143
691,"Casas Adobes, AZ",32.3423,-111.0114,70166,32.33,-110.9942,2.117057431684544
692,"Walnut Creek, CA",37.9024,-122.0398,70166,37.9101,-122.0652,2.3872828898274236
693,"Poinciana, FL",28.1217,-81.482,69955,28.0626,-81.5969,13.047020420133304
694,"Lynwood, CA",33.924,-118.2017,69887,33.9303,-118.2115,1.143804928436427
695,"Glen Burnie, MD",39.1559,-76.6072,69872,39.1626,-76.6247,1.682752128601278
696,"Lehi, UT",40.4136,-111.8726,69724,40.3916,-111.8508,3.0646049367668993
697,"Passaic, NJ",40.8574,-74.1282,69703,40.8568,-74.1285,0.07132831638327931
698,"Homestead, FL",25.4665,-80.4472,69523,25.4687,-80.4776,3.061643447322724
699,"West Bend, WI",43.4184,-88.1824,69504,43.4253,-88.1834,0.7714839115118569
700,"Delray Beach, FL",26.455,-80.0905,69451,26.4615,-80.0728,1.9044822597666287
701,"Sheboygan, WI",43.7403,-87.7316,69393,43.7508,-87.7145,1.8027817085559688
702,"Lake Elsinore, CA",33.6847,-117.3344,69283,33.6681,-117.3273,1.9592733156940505
703,"Daytona Beach, FL",29.1994,-81.0982,69186,29.2108,-81.0228,7.427272298687303
704,"Los Lunas, NM",34.8115,-106.7803,69020,34.8143,-106.767,1.2534836091657369
705,"Lima, OH",40.741,-84.1121,68878,40.7426,-84.1052,0.607925573965961
706,"Decatur, AL",34.573,-86.9906,68867,34.6059,-86.9833,3.7188444519201926
707,"Rocklin, CA",38.8075,-121.2488,68823,38.7907,-121.2358,2.1814838556059217
708,"Rogers, AR",36.3172,-94.1526,68669,36.332,-94.1185,3.4699807451463784
709,"Castle Rock, CO",39.3763,-104.8535,68484,39.3722,-104.8556,0.4903334524495421
710,"Hanover, PA",39.8117,-76.9835,68165,39.8,-76.983,1.301681550179829
711,"Bossier City, LA",32.5227,-93.6666,68159,32.5159,-93.7321,6.18769936776633
712,"Dubuque, IA",42.5008,-90.7067,68109,42.5006,-90.6646,3.451454097055153
713,"Rockville, MD",39.0834,-77.1552,68079,39.0836,-77.1537,0.13136504257634612
714,"Victoria, TX",28.8285,-96.985,68078,28.8053,-97.0036,3.152569601085302
715,"Saratoga Springs, NY",43.0674,-73.7775,68028,43.0831,-73.7846,1.838544006891599
716,"Guaynabo, PR",18.3839,-66.1134,68024,18.3853,-66.114,0.16805484841285362
717,"Gaithersburg, MD",39.1346,-77.2132,67985,39.1434,-77.2014,1.4118000236605777
718,"Union City, NJ",40.7674,-74.0323,67982,40.7785,-74.023,1.4617492037041204
719,"Ames, IA",42.0259,-93.6215,67910,42.0308,-93.6319,1.0172340880110002
720,"West Des Moines, IA",41.5522,-93.7805,67899,41.5772,-93.7113,6.393220959303037
721,"South San Francisco, CA",37.6536,-122.4197,67789,37.6547,-122.4077,1.063470528135916
722,"Yorba Linda, CA",33.889,-117.7714,67644,33.8886,-117.8131,3.849386976385666
723,"Casper, WY",42.842,-106.3207,67598,42.8666,-106.3131,2.8046725713253657
724,"Palatine, IL",42.1181,-88.043,67482,42.1103,-88.0342,1.1309885459092988
725,"Corvallis, OR",44.5697,-123.278,67467,44.5646,-123.262,1.3885745251839803
726,"Ankeny, IA",41.7285,-93.6033,67355,41.7318,-93.6001,0.4529487513851873
727,"Mount Vernon, NY",40.9136,-73.8291,67345,40.9126,-73.8371,0.6813776339312955
728,"Rowlett, TX",32.9157,-96.5488,67339,32.9029,-96.5639,2.0031898401963435
729,"Lakeville, MN",44.6774,-93.252,67317,44.6497,-93.2427,3.1666996750853924
730,"Alpharetta, GA",34.0704,-84.2739,67213,34.0754,-84.2941,1.9418264725291108
731,"Longview, WA",46.1461,-122.9629,67081,46.1382,-122.9364,2.222619023078958
732,"DeKalb, IL",41.9313,-88.7482,66959,41.9295,-88.7504,0.27052163270743285
733,"Petaluma, CA",38.2423,-122.6267,66929,38.2324,-122.6367,1.405214133256682
734,"Redondo Beach, CA",33.8574,-118.3766,66749,33.8492,-118.3884,1.4208184600359683
735,"Tamarac, FL",26.2056,-80.2542,66721,26.2129,-80.2498,0.9228088903164958
736,"Laguna Niguel, CA",33.5275,-117.705,66385,33.5225,-117.7076,0.6059659891075024
737,"Eagan, MN",44.8169,-93.1638,66372,44.8041,-93.1669,1.4441510770320614
738,"Kenner, LA",30.0109,-90.2549,66340,29.9941,-90.2417,2.259511043822393
739,"Bay City, MI",43.5903,-83.8886,66107,43.5945,-83.8889,0.4676432184532448
740,"North Little Rock, AR",34.7808,-92.2371,65903,34.7695,-92.2671,3.014414713022554
741,"Sammamish, WA",47.6017,-122.0416,65892,47.6163,-122.035,1.6971683065930532
742,"Shawnee, KS",39.0158,-94.8076,65807,39.0228,-94.7152,8.020397107905385
743,"Jupiter, FL",26.9199,-80.1128,65791,26.9342,-80.0942,2.4348924584642284
744,"Doral, FL",25.8151,-80.3565,65741,25.8195,-80.3553,0.5037864742928888
745,"Florence-Graham, CA",33.9682,-118.2447,65716,33.9703,-118.2477,0.3620279903007156
746,"Carbondale, IL",37.7221,-89.2238,65671,37.7275,-89.2165,0.8790664996151951
747,"Blaine, MN",45.1696,-93.2077,65607,45.1602,-93.2349,2.374866220546726
748,"Weirton, WV",40.406,-80.5671,65578,40.4189,-80.5897,2.3913654735122223
749,"Tulare, CA",36.1996,-119.34,65496,36.2077,-119.3473,1.1136626255751458
750,"Wellington, FL",26.6461,-80.2699,65398,26.6618,-80.2684,1.7521131193339836
751,"Pflugerville, TX",30.452,-97.6022,65380,30.4394,-97.62,2.2078452710468905
752,"Palo Alto, CA",37.3913,-122.1468,65364,37.4419,-122.143,5.636463007657673
753,"Schenectady, NY",42.8025,-73.9276,65273,42.8142,-73.9396,1.62813388905671
754,"Great Falls, MT",47.5022,-111.2995,65131,47.5053,-111.3008,0.3582693497550764
755,"Michigan City, IN",41.7099,-86.8705,65058,41.7075,-86.895,2.0512072637100696
756,"Bayonne, NJ",40.6661,-74.1141,64897,40.6687,-74.1143,0.28959849731710513
757,"Eden Prairie, MN",44.8488,-93.4595,64893,44.8547,-93.4708,1.1062939093877724
758,"Port Orange, FL",29.1084,-81.0137,64842,29.1383,-80.9956,3.7609857071652817
759,"Dublin, CA",37.7161,-121.8963,64826,37.7022,-121.9358,3.803028155887051
760,"Grand Forks, ND",47.9218,-97.0886,64748,47.9253,-97.0329,4.168643139277741
761,"Noblesville, IN",40.0354,-86.0042,64668,40.0456,-86.0086,1.1944397108078435
762,"San Clemente, CA",33.4498,-117.6103,64558,33.4269,-117.6119,2.550688180612251
763,"Brentwood, CA",37.9355,-121.7191,64474,37.9319,-121.6958,2.0822949252571057
764,"Carmichael, CA",38.6337,-121.323,64454,38.6171,-121.3277,1.8904525860970354
765,"East Orange, NJ",40.7651,-74.2117,64367,40.7673,-74.2049,0.6227354954698913
766,"Eastvale, CA",33.9617,-117.5802,64157,33.9525,-117.5841,1.0843896576762797
767,"Chapel Hill, NC",35.927,-79.0391,64051,35.9132,-79.0558,2.148525355561661
768,"Rocky Mount, NC",35.9676,-77.8048,64018,35.9382,-77.79,3.5301451370085664
769,"Haverhill, MA",42.7838,-71.0871,64014,42.7762,-71.0773,1.163555273803826
770,"Beloit, WI",42.523,-89.0184,63762,42.5083,-89.0318,1.9692680535005884
771,"Glens Falls, NY",43.3109,-73.6459,63499,43.3098,-73.644,0.19645336810273195
772,"Brentwood, NY",40.7839,-73.2522,63399,40.7812,-73.2462,0.5876558828874191
773,"Fairbanks, AK",64.8353,-147.6534,63245,64.8378,-147.7164,2.991602743448891
774,"Springfield, OR",44.0538,-122.981,63230,44.0462,-123.022,3.3839210590376396
775,"Bethesda, MD",38.9866,-77.1188,63195,38.9847,-77.0947,2.0937029499568496
776,"Johnstown, PA",40.3258,-78.9193,63141,40.3267,-78.9227,0.3051039371331084
777,"Dundalk, MD",39.2703,-76.4942,63015,39.2501,-76.5205,3.1894045247736926
778,"Castro Valley, CA",37.7091,-122.0631,63013,37.6941,-122.0863,2.6359116867940506
779,"Coon Rapids, MN",45.1755,-93.3095,62998,45.1732,-93.303,0.570099705013263
780,"Elmira, NY",42.0938,-76.8097,62989,42.0898,-76.8077,0.47440872222213887
781,"Mankato, MN",44.1712,-93.9773,62889,44.1636,-93.9994,1.9548225669455213
782,"Albany, OR",44.6274,-123.0966,62880,44.6365,-123.1059,1.2511804578737187
783,"North Miami, FL",25.9007,-80.1686,62822,25.8901,-80.1867,2.1604005437208476
784,"Encinitas, CA",33.049,-117.2613,62709,33.0364,-117.2912,3.1193485583979226
785,"Skokie, IL",42.0359,-87.74,62700,42.0324,-87.7416,0.411004470168479
786,"Leander, TX",30.5728,-97.8618,62608,30.5788,-97.8531,1.0671525817597245
787,"Parkersburg, WV",39.2624,-81.542,62566,39.2667,-81.5615,1.7455308546282602
788,"Waltham, MA",42.3889,-71.2423,62495,42.3765,-71.2356,1.484578227701512
789,"Port Charlotte, FL",26.9918,-82.114,62327,26.9762,-82.0906,2.895742028786092
790,"Palm Harbor, FL",28.0847,-82.7481,62310,28.0773,-82.763,1.6774511460305892
791,"San Luis Obispo, CA",35.2669,-120.6691,62290,35.2828,-120.6596,1.9671169178794496
792,"Sebring, FL",27.477,-81.453,62250,27.4956,-81.4404,2.412959592807408
793,"Council Bluffs, IA",41.2369,-95.8517,62166,41.2619,-95.8608,2.882095052066336
794,"Hamilton, OH",39.3938,-84.5653,62082,39.3995,-84.5613,0.7210096530175097
795,"Moore, OK",35.3293,-97.4758,62055,35.3395,-97.4867,1.5046680151515546
796,"Pico Rivera, CA",33.9902,-118.0888,62027,33.9831,-118.0967,1.074157265238335
797,"Casa Grande, AZ",32.9068,-111.7624,61966,32.8795,-111.7574,3.0713092762803
798,"Monessen, PA",40.1519,-79.8828,61960,40.151,-79.8835,0.11642420387623584
799,"Montebello, CA",34.0155,-118.1108,61954,34.0165,-118.1135,0.27256490231785757
800,"Rome, GA",34.2661,-85.1862,61537,34.2565,-85.1647,2.2457735292467116
801,"The Hammocks, FL",25.67,-80.4483,61516,25.6663,-80.4047,4.389004113235595
802,"Millcreek, UT",40.6892,-111.8291,61450,40.6869,-111.8755,3.9206040522258663
803,"Sanford, FL",28.7893,-81.276,61448,28.8006,-81.2731,1.2878886986761586
804,"National City, CA",32.6654,-117.0983,61394,32.6781,-117.0992,1.414685977958674
805,"Mayag√ºez, PR",18.2003,-67.1397,61361,18.2034,-67.1396,0.3448660820169693
806,"Burnsville, MN",44.7648,-93.2795,61339,44.7677,-93.2777,0.35238825067150953
807,"Coconut Creek, FL",26.2803,-80.1842,61248,26.2517,-80.1789,3.2237877922052696
808,"Morristown, TN",36.2046,-83.3006,61171,36.214,-83.2949,1.1636323106254647
809,"Reston, VA",38.9497,-77.3461,61147,38.9586,-77.357,1.366652941567451
810,"Lakewood, WA",47.1628,-122.5299,61037,47.1718,-122.5185,1.3206884683322153
811,"Spring, TX",30.0613,-95.383,60976,30.0799,-95.4172,3.8869600922030063
812,"Gadsden, AL",34.009,-86.0156,60944,34.0143,-86.0066,1.0175781530253536
813,"Taylor, MI",42.226,-83.2688,60922,42.2409,-83.2697,1.6584604971852346
814,"Novi, MI",42.4786,-83.4893,60896,42.4806,-83.4755,1.1533573635446586
815,"Marietta, GA",33.9533,-84.5422,60867,33.9526,-84.5499,0.7144682011894175
816,"Hot Springs, AR",34.4892,-93.0501,60767,34.5037,-93.0552,1.6787012284858982
817,"Woodland, CA",38.6712,-121.75,60598,38.6785,-121.7733,2.179481346655801
818,"Fountainebleau, FL",25.7723,-80.3458,60547,25.7711,-80.358,1.2289097554166888
819,"La Habra, CA",33.9278,-117.9513,60513,33.9315,-117.9462,0.6250337412863495
820,"Malden, MA",42.4305,-71.0576,60470,42.4251,-71.0662,0.926700501919227
821,"South Whittier, CA",33.9336,-118.0311,60357,33.9472,-118.0306,1.5129542564753071
822,"Commerce City, CO",39.8642,-104.8434,60336,39.8083,-104.9339,9.916994565244185
823,"South Hill, WA",47.1203,-122.2848,60172,47.1453,-122.3035,3.119092049089692
824,"Bristol, CT",41.6812,-72.9407,59947,41.6718,-72.9493,1.265965387997139
825,"Columbus, IN",39.2093,-85.9183,59897,39.2014,-85.9214,0.9181516684213942
826,"West Allis, WI",43.0068,-88.0296,59890,43.0167,-88.007,2.1420539213033654
827,"Taylorsville, UT",40.657,-111.9493,59805,40.6677,-111.9389,1.478211563308924
828,"Bangor, ME",44.8322,-68.7906,59772,44.8016,-68.7712,3.730822124276252
829,"Monterey Park, CA",34.0497,-118.1326,59669,34.0625,-118.1228,1.685479571383461
830,"Greenwood, IN",39.6019,-86.1073,59458,39.6137,-86.1067,1.3131065360139578
831,"Bartlett, TN",35.2337,-89.8195,59440,35.2045,-89.8739,5.9129687224784
832,"Bradenton, FL",27.49,-82.5739,59439,27.4989,-82.5748,0.9936084148357557
833,"Pontiac, MI",42.6493,-83.2878,59438,42.6389,-83.291,1.1856767534200094
834,"Staunton, VA",38.1593,-79.0611,59433,38.1496,-79.0717,1.4221091593122976
835,"Meriden, CT",41.5367,-72.7944,59395,41.5382,-72.807,1.0619027232121605
836,"Gardena, CA",33.8944,-118.3073,59329,33.8884,-118.3089,0.683319667450651
837,"Apex, NC",35.7239,-78.8728,59300,35.7327,-78.8503,2.2544467463439712
838,"Royal Oak, MI",42.5084,-83.1539,59277,42.4895,-83.1446,2.235614380993453
839,"Cupertino, CA",37.3168,-122.0465,59276,37.323,-122.0322,1.4402567872772156
840,"La Mesa, CA",32.7703,-117.0204,59249,32.7678,-117.0231,0.37550892140621317
841,"Benton Harbor, MI",42.1159,-86.4488,59216,42.1167,-86.4542,0.4542029972943987
842,"St. Clair Shores, MI",42.4921,-82.8957,58984,42.4974,-82.8964,0.5921210538810536
843,"Des Plaines, IL",42.0345,-87.9009,58899,42.0334,-87.8834,1.4504884340075195
844,"Lewiston, ME",44.0915,-70.1681,58802,44.1004,-70.2148,3.8584170858064293
845,"Margate, FL",26.2466,-80.2119,58796,26.2445,-80.2064,0.5961580994253369
846,"Midland, MI",43.6241,-84.2319,58787,43.6156,-84.2472,1.5524803566174554
847,"Carson City, NV",39.1512,-119.7474,58756,39.1638,-119.7674,2.221857674994111
848,"Bowie, MD",38.9569,-76.7409,58643,39.0068,-76.7791,6.456757704041126
849,"Middletown, NY",41.4459,-74.4236,58592,41.4459,-74.4229,0.058344726751961215
850,"Caldwell, ID",43.6453,-116.6591,58481,43.6629,-116.6874,3.002286245124239
851,"San Rafael, CA",37.9905,-122.5222,58440,37.9735,-122.5311,2.044930204287984
852,"Richland, WA",46.2824,-119.2938,58225,46.2857,-119.2845,0.8033579897532611
853,"St. Peters, MO",38.7824,-90.6061,58212,38.7875,-90.6299,2.1394338646804596
854,"Wesley Chapel, FL",28.2106,-82.3238,58208,28.2359,-82.3459,3.5500116180267685
855,"Hendersonville, TN",36.3063,-86.5998,58113,36.3048,-86.6209,1.89808736916386
856,"White Plains, NY",41.022,-73.7549,58109,41.033,-73.7629,1.3951446164516312
857,"Huntersville, NC",35.4058,-80.8727,58098,35.4107,-80.8428,2.764034933998149
858,"Santee, CA",32.8554,-116.9851,58081,32.8384,-116.9739,2.1605502293362098
859,"Jefferson City, MO",38.5676,-92.1759,58025,38.5767,-92.1735,1.0331605840446807
860,"Beckley, WV",37.7878,-81.1841,57942,37.7782,-81.1882,1.126641510584967
861,"Arcadia, CA",34.1342,-118.0373,57939,34.1397,-118.0353,0.6386727224185831
862,"Titusville, FL",28.5727,-80.8193,57891,28.6122,-80.8076,4.538316241440252
863,"Cartersville, GA",34.1639,-84.8007,57873,34.1651,-84.7999,0.15238851751615246
864,"Walla Walla, WA",46.067,-118.3366,57860,46.0646,-118.343,0.5612673305514578
865,"Orland Park, IL",41.6074,-87.8619,57857,41.6303,-87.8539,2.6317704337823487
866,"Towson, MD",39.3944,-76.619,57817,39.4015,-76.6019,1.6680102403266241
867,"Weymouth, MA",42.1984,-70.9466,57746,42.2181,-70.941,2.2385712404469578
868,"Parker, CO",39.5084,-104.7753,57706,39.5186,-104.7614,1.6456601664174142
869,"Palm Beach Gardens, FL",26.8466,-80.1679,57704,26.8234,-80.1386,3.8867116979573306
870,"Bozeman, MT",45.6832,-111.0552,57695,45.677,-111.0429,1.1782956454641207
871,"East Stroudsburg, PA",41.0023,-75.1779,57577,41.0037,-75.1813,0.3250207187683516
872,"Huntington Park, CA",33.98,-118.2167,57509,33.9817,-118.2251,0.7972605187605988
873,"Taunton, MA",41.9036,-71.0943,57464,41.9001,-71.0898,0.538668480134642
874,"Midwest City, OK",35.463,-97.3709,57407,35.4495,-97.3967,2.7774392403035018
875,"Medford, MA",42.4234,-71.1087,57341,42.4184,-71.1062,0.5926382521139067
876,"Goldsboro, NC",35.3778,-77.972,57278,35.3849,-77.9928,2.0443041615279642
877,"Euless, TX",32.8508,-97.0799,57197,32.8371,-97.082,1.5359509958682473
878,"Manhattan, KS",39.1886,-96.6046,57046,39.1836,-96.5717,2.889542149575492
879,"Shoreline, WA",47.7564,-122.3426,57027,47.7557,-122.3415,0.11322713223208324
880,"Lake Havasu City, AZ",34.5006,-114.3113,56820,34.4839,-114.3225,2.1217631769938796
881,"Smyrna, GA",33.8633,-84.5168,56666,33.8831,-84.5145,2.2118755487616912
882,"Cape Girardeau, MO",37.3108,-89.5597,56551,37.3059,-89.5181,3.719345171087863
883,"Tamiami, FL",25.7556,-80.4016,56225,25.7585,-80.3987,0.43397179149448906
884,"Kendale Lakes, FL",25.7081,-80.4078,56182,25.7076,-80.4132,0.5438675820508244
885,"Grants Pass, OR",42.4333,-123.3317,55837,42.439,-123.3284,0.6892439872789392
886,"Blue Springs, MO",39.0124,-94.2721,55829,39.0169,-94.2816,0.9612699594031839
887,"Southaven, MS",34.9514,-89.9787,55780,34.9889,-90.0126,5.1892945005370175
888,"Tinley Park, IL",41.567,-87.805,55773,41.5731,-87.7845,1.8353319659619858
889,"Diamond Bar, CA",33.9991,-117.8161,55720,34.0286,-117.8103,3.3235256616930244
890,"Pittsfield, MA",42.4517,-73.2605,55697,42.4501,-73.2454,1.2516016507386265
891,"Eagle Pass, TX",28.7125,-100.484,55686,28.708,-100.4995,1.5922967027782773
892,"New Brunswick, NJ",40.487,-74.445,55676,40.4862,-74.4518,0.5819165873230876
893,"Lenexa, KS",38.9609,-94.8018,55625,38.9536,-94.7336,5.952645158471418
894,"Hazleton, PA",40.9504,-75.9724,55604,40.9584,-75.9746,0.9085422549334675
895,"Twin Falls, ID",42.5645,-114.4615,55556,42.562,-114.4609,0.28229700769363547
896,"Brookhaven, GA",33.8744,-84.3314,55554,33.8651,-84.3434,1.5155379480246542
897,"Novato, CA",38.092,-122.5576,55516,38.1074,-122.5697,2.013296412115301
898,"Tigard, OR",45.4237,-122.7845,55514,45.4294,-122.771,1.2294873507244504
899,"Highland, CA",34.1113,-117.1654,55417,34.1283,-117.2087,4.411482972001631
900,"Fountain Valley, CA",33.7105,-117.9514,55357,33.7092,-117.9537,0.2572095483049911
901,"Dearborn Heights, MI",42.3164,-83.2769,55353,42.3369,-83.2733,2.298627537343234
902,"Grapevine, TX",32.9343,-97.0744,55281,32.9343,-97.0781,0.3453035923548889
903,"Fond du Lac, WI",43.7718,-88.4396,55209,43.773,-88.4471,0.6168044287628899
904,"Hacienda Heights, CA",33.997,-117.9728,55188,34.0016,-117.9516,2.0201602306546307
905,"Ithaca, NY",42.4442,-76.5032,55137,42.443,-76.5019,0.17083187863719845
906,"Apple Valley, MN",44.7457,-93.2006,55135,44.7319,-93.2177,2.044227372964326
907,"Chicopee, MA",42.1764,-72.5719,55126,42.1487,-72.6079,4.27683885008452
908,"Oak Lawn, IL",41.7139,-87.7528,55022,41.7198,-87.7487,0.7390585308108271
909,"Cathedral City, CA",33.8363,-116.4642,55007,33.7805,-116.4668,6.2093253260519905
910,"Delano, CA",35.767,-119.2637,54917,35.7688,-119.2471,1.5110101241959346
911,"Bentonville, AR",36.3546,-94.2306,54909,36.3728,-94.2088,2.8117450793854406
912,"Stonecrest, GA",33.6842,-84.1372,54903,33.7056,-84.1697,3.834415993052851
913,"Kettering, OH",39.6957,-84.1495,54855,39.6895,-84.1688,1.7894864018420749
914,"Colton, CA",34.0538,-117.3254,54824,34.0739,-117.3137,2.4813003776848825
915,"Kingston, NY",41.9295,-73.9968,54791,41.927,-73.9974,0.28238396403537835
916,"West Haven, CT",41.2739,-72.9672,54620,41.2707,-72.9466,1.7579748622357767
917,"St. Cloud, FL",28.2294,-81.2829,54579,28.2489,-81.287,2.205185434286504
918,"Normal, IL",40.5218,-88.9881,54469,40.5142,-88.9906,0.8711036263264912
919,"Berwyn, IL",41.8433,-87.7909,54391,41.8506,-87.7937,0.8442073296899038
920,"Milford, CT",41.2256,-73.0616,54328,41.2307,-73.064,0.6015644825052447
921,"Aloha, OR",45.492,-122.8726,54287,45.4871,-122.8913,1.5562019078334124
922,"Arroyo Grande, CA",35.1241,-120.5845,54177,35.1186,-120.5896,0.7675766241417221
923,"Minnetonka, MN",44.9322,-93.4598,54064,44.9212,-93.4687,1.409618110524336
924,"Rosemead, CA",34.0689,-118.0823,54058,34.0806,-118.0728,1.567848051559973
925,"Paramount, CA",33.8976,-118.1652,53955,33.8895,-118.1598,1.0293909461447743
926,"Yucaipa, CA",34.0336,-117.0429,53921,34.0336,-117.0431,0.01842965845862808
927,"Brunswick, GA",31.145,-81.474,53914,31.1499,-81.4915,1.7522500200474345
928,"Williamsport, PA",41.2398,-77.0371,53861,41.2412,-77.0011,3.014088176408712
929,"Elyria, OH",41.3761,-82.1063,53757,41.3684,-82.1077,0.8641338882091938
930,"Leesburg, VA",39.1058,-77.5544,53727,39.1157,-77.5636,1.357164609333004
931,"Mount Prospect, IL",42.0641,-87.9375,53719,42.0664,-87.9373,0.2562806731379673
932,"Pinellas Park, FL",27.8589,-82.7078,53637,27.8428,-82.6995,1.9674427296019827
933,"Bellevue, NE",41.1535,-95.9357,53544,41.1544,-95.9146,1.7693994752212694
934,"West Sacramento, CA",38.5557,-121.5504,53519,38.5805,-121.5302,3.2693612032730686
935,"Apopka, FL",28.7014,-81.5304,53447,28.6934,-81.5322,0.9067189996510029
936,"Lewiston, ID",46.3934,-116.9934,53384,46.4166,-117.0177,3.1822170890864427
937,"Grand Island, NE",40.9214,-98.3584,53296,40.9264,-98.342,1.485814247383016
938,"Palm Desert, CA",33.7378,-116.3695,53275,33.7222,-116.3745,1.7952096474129597
939,"Milford city , CT",41.2256,-73.0625,53195,41.2307,-73.064,0.5808026480435137
940,"Watertown, NY",43.9734,-75.9094,53163,43.9748,-75.91,0.16290889905326908
941,"Little Elm, TX",33.1856,-96.929,53126,33.1626,-96.9375,2.6770453507198932
942,"Chambersburg, PA",39.9315,-77.6556,53083,39.9376,-77.6611,0.8246095499949907
943,"Revere, MA",42.4192,-71.0036,53073,42.4084,-71.0119,1.380745127702697
944,"Peabody, MA",42.5335,-70.9724,53070,42.5279,-70.9287,3.6345704534071297
945,"Wylie, TX",33.0362,-96.5161,53067,33.0151,-96.5389,3.1659059247016854
946,"Beaufort, SC",32.4597,-80.7235,53051,32.4316,-80.6698,5.929185146765512
947,"Aspen Hill, MD",39.0928,-77.0823,53049,39.0911,-77.0807,0.23409389705234024
948,"DeSoto, TX",32.5992,-96.8633,52988,32.589,-96.8571,1.2742640807582668
949,"Helena, MT",46.5965,-112.0202,52936,46.5891,-112.0391,1.6621310252976833
950,"Edina, MN",44.8914,-93.3602,52857,44.8897,-93.3499,0.8331287518716269
951,"Wheaton, IL",41.8561,-88.1083,52745,41.8661,-88.107,1.117148816206136
952,"West New York, NJ",40.7856,-74.0093,52723,40.7879,-74.0143,0.49255407854485866
953,"Hoboken, NJ",40.7453,-74.0279,52677,40.744,-74.0324,0.4057234603075449
954,"Lacey, WA",47.046,-122.7934,52592,47.0343,-122.8232,2.606130062877078
955,"Summerville, SC",33.0015,-80.1799,52549,33.0185,-80.1756,1.9323692625312718
956,"Oak Park, IL",41.8872,-87.7899,52381,41.885,-87.7845,0.509579347229651
957,"Maricopa, AZ",33.0404,-112.0006,52127,33.0581,-112.0465,4.709073420803284
958,"Lompoc, CA",34.6618,-120.4714,52020,34.6391,-120.4579,2.8100083355576886
959,"Kentwood, MI",42.8852,-85.5925,51898,42.8695,-85.6448,4.605372702555708
960,"Levittown, PA",40.1537,-74.853,51818,40.1551,-74.8288,2.062576650914653
961,"Sierra Vista, AZ",31.563,-110.3153,51731,31.5455,-110.2773,4.092837851620087
962,"Levittown, NY",40.7241,-73.5125,51634,40.7254,-73.5143,0.2095327682394918
963,"Madison, AL",34.7114,-86.7626,51593,34.6993,-86.7483,1.8759054533832817
964,"Smyrna, TN",35.9722,-86.5253,51586,35.9828,-86.5186,1.323909274247097
965,"Glendora, CA",34.1449,-117.8468,51544,34.1361,-117.8653,1.9637497351419597
966,"Burien, WA",47.4762,-122.3394,51500,47.4704,-122.3468,0.8516333548437174
967,"Perth Amboy, NJ",40.5203,-74.2724,51390,40.5068,-74.2654,1.613557538676278
968,"Herriman, UT",40.4899,-112.0171,51348,40.5141,-112.0326,2.9930824025568796
969,"Farmington, NM",36.7555,-108.1823,51309,36.7281,-108.2187,4.449987399831917
970,"New Bern, NC",35.0955,-77.0723,51308,35.1085,-77.0441,2.944635747361253
971,"Placentia, CA",33.8807,-117.8553,51233,33.8722,-117.8703,1.6765846197256462
972,"Hinesville, GA",31.8247,-81.6135,51206,31.8469,-81.5969,2.9245059703937515
973,"Beaumont, CA",33.9076,-116.9766,51063,33.9295,-116.9772,2.435798163835362
974,"Collierville, TN",35.0471,-89.6988,51040,35.042,-89.6645,3.1736107018181157
975,"West Lafayette, IN",40.4432,-86.9239,50996,40.4259,-86.9081,2.3428054683732427
976,"Florissant, MO",38.7996,-90.3269,50952,38.7892,-90.3226,1.2149896366837833
977,"Hoffman Estates, IL",42.0639,-88.1468,50932,42.0629,-88.1229,1.9761130317803943
978,"Queen Creek, AZ",33.2386,-111.6343,50890,33.2487,-111.6343,1.1230687591100867
979,"Aliso Viejo, CA",33.5792,-117.7289,50887,33.5685,-117.7263,1.21392396371195
980,"Kannapolis, NC",35.4764,-80.6403,50841,35.4874,-80.6217,2.0814552796814887
981,"Methuen Town, MA",42.734,-71.1889,50706,42.7262,-71.1909,0.8825704829244135
982,"Sahuarita, AZ",31.9323,-110.9654,50616,31.9576,-110.9659,2.8136271981324352
983,"Traverse City, MI",44.7547,-85.6035,50522,44.7631,-85.6206,1.6417562533329209
984,"Severn, MD",39.1355,-76.6958,50496,39.127,-76.6983,0.9694432156479809
985,"Catalina Foothills, AZ",32.3041,-110.8835,50454,32.2949,-110.9264,4.159890837876517
986,"Galveston, TX",29.2487,-94.891,50446,29.3014,-94.7977,10.78111176240135
987,"Country Club, FL",25.9407,-80.3102,50431,25.9481,-80.2403,7.03747270443466
988,"Cookeville, TN",36.1484,-85.5114,50408,36.1628,-85.5016,1.8270200283357467
989,"Mishawaka, IN",41.6736,-86.1669,50363,41.6611,-86.1586,1.551529886064779
990,"Rowland Heights, CA",33.9716,-117.8911,50347,33.9761,-117.9053,1.4017757836826188
991,"Plainfield, NJ",40.6154,-74.4157,50317,40.6337,-74.4074,2.1520611743041105
992,"Bullhead City, AZ",35.1205,-114.546,50309,35.1359,-114.5286,2.3315906125896717
993,"Stillwater, OK",36.1316,-97.074,50299,36.1156,-97.0584,2.264616601938835
994,"Forney, TX",32.744,-96.4529,50251,32.747,-96.471,1.72533983526653
995,"Wheaton, MD",39.0492,-77.0572,50229,39.0396,-77.0553,1.0800087024908351
